State,City,Name,Google review rating,Best Time to visit,Number of google review in lakhs,image_url
Delhi,Delhi,India Gate,4.6,Evening,2.6,https://images.unsplash.com/photo-1587474260584-136574528ed5?crop=entropy&cs=tinysrgb&fit=max&fm=jpg&ixid=M3w3OTA4MjB8MHwxfHNlYXJjaHwxfHxJbmRpYSUyMEdhdGV8ZW58MHx8fHwxNzU1MDA0NTkyfDA&ixlib=rb-4.1.0&q=80&w=1080
Delhi,Delhi,Humayun's Tomb,4.5,Afternoon,0.4,https://images.unsplash.com/photo-1646938691456-a03d01a8276a?crop=entropy&cs=tinysrgb&fit=max&fm=jpg&ixid=M3w3OTA4MjB8MHwxfHNlYXJjaHwxfHxIdW1heXVuJTI3cyUyMFRvbWJ8ZW58MHx8fHwxNzU1MDA0NTkyfDA&ixlib=rb-4.1.0&q=80&w=1080
Delhi,Delhi,Akshardham Temple,4.6,Afternoon,0.4,https://images.unsplash.com/photo-1741839839275-8c037785fc6c?crop=entropy&cs=tinysrgb&fit=max&fm=jpg&ixid=M3w3OTA4MjB8MHwxfHNlYXJjaHwxfHxBa3NoYXJkaGFtJTIwVGVtcGxlfGVufDB8fHx8MTc1NTAwNDU5M3ww&ixlib=rb-4.1.0&q=80&w=1080
Delhi,Delhi,Waste to Wonder Park,4.1,Evening,0.27,https://images.unsplash.com/photo-1583710959405-990c3dbb6fab?crop=entropy&cs=tinysrgb&fit=max&fm=jpg&ixid=M3w3OTA4MjB8MHwxfHNlYXJjaHwxfHxXYXN0ZSUyMHRvJTIwV29uZGVyJTIwUGFya3xlbnwwfHx8fDE3NTUwMDQ1OTR8MA&ixlib=rb-4.1.0&q=80&w=1080
Delhi,Delhi,Jantar Mantar,4.2,Morning,0.31,https://images.unsplash.com/photo-1735369931195-84544e1d24ad?crop=entropy&cs=tinysrgb&fit=max&fm=jpg&ixid=M3w3OTA4MjB8MHwxfHNlYXJjaHwxfHxKYW50YXIlMjBNYW50YXJ8ZW58MHx8fHwxNzU1MDA0NTk1fDA&ixlib=rb-4.1.0&q=80&w=1080
Delhi,Delhi,Chandni Chowk,4.2,Afternoon,0.25,https://images.unsplash.com/photo-1599230080795-a48439229cb7?crop=entropy&cs=tinysrgb&fit=max&fm=jpg&ixid=M3w3OTA4MjB8MHwxfHNlYXJjaHwxfHxDaGFuZG5pJTIwQ2hvd2t8ZW58MHx8fHwxNzU1MDA0NTk1fDA&ixlib=rb-4.1.0&q=80&w=1080
Delhi,Delhi,Lotus Temple,4.5,Evening,0.59,https://images.unsplash.com/photo-1688257609244-3f2a893f19d6?crop=entropy&cs=tinysrgb&fit=max&fm=jpg&ixid=M3w3OTA4MjB8MHwxfHNlYXJjaHwxfHxMb3R1cyUyMFRlbXBsZXxlbnwwfHx8fDE3NTUwMDQ1OTZ8MA&ixlib=rb-4.1.0&q=80&w=1080
Delhi,Delhi,Red Fort,4.5,Afternoon,1.5,https://images.unsplash.com/photo-1705861144413-f02e38354648?crop=entropy&cs=tinysrgb&fit=max&fm=jpg&ixid=M3w3OTA4MjB8MHwxfHNlYXJjaHwxfHxSZWQlMjBGb3J0fGVufDB8fHx8MTc1NTAwNDU5N3ww&ixlib=rb-4.1.0&q=80&w=1080
Delhi,Delhi,Agrasen ki Baoli,4.2,Afternoon,0.41,https://images.unsplash.com/photo-1638183209148-e87c0c9bb6f4?crop=entropy&cs=tinysrgb&fit=max&fm=jpg&ixid=M3w3OTA4MjB8MHwxfHNlYXJjaHwxfHxBZ3Jhc2VuJTIwa2klMjBCYW9saXxlbnwwfHx8fDE3NTUwMDQ1OTd8MA&ixlib=rb-4.1.0&q=80&w=1080
Delhi,Delhi,Sunder Nursery,4.6,Afternoon,0.16,https://images.unsplash.com/photo-1710743786016-17a934454432?crop=entropy&cs=tinysrgb&fit=max&fm=jpg&ixid=M3w3OTA4MjB8MHwxfHNlYXJjaHwxfHxTdW5kZXIlMjBOdXJzZXJ5fGVufDB8fHx8MTc1NTAwNDU5OHww&ixlib=rb-4.1.0&q=80&w=1080
Delhi,Delhi,Garden of Five Senses,4.1,Morning,0.23,https://images.unsplash.com/photo-1598845243320-c43cf5fd4af9?crop=entropy&cs=tinysrgb&fit=max&fm=jpg&ixid=M3w3OTA4MjB8MHwxfHNlYXJjaHwxfHxHYXJkZW4lMjBvZiUyMEZpdmUlMjBTZW5zZXN8ZW58MHx8fHwxNzU1MDA0NTk5fDA&ixlib=rb-4.1.0&q=80&w=1080
Delhi,Delhi,Lodhi Garden,4.5,All,0.48,https://images.unsplash.com/photo-1715633743194-14db1edb294c?crop=entropy&cs=tinysrgb&fit=max&fm=jpg&ixid=M3w3OTA4MjB8MHwxfHNlYXJjaHwxfHxMb2RoaSUyMEdhcmRlbnxlbnwwfHx8fDE3NTUwMDQ2MDB8MA&ixlib=rb-4.1.0&q=80&w=1080
Delhi,Delhi,National Gallery of Modern Art,4.5,All,0.08,https://images.unsplash.com/photo-1534704031910-abac7ba2103f?crop=entropy&cs=tinysrgb&fit=max&fm=jpg&ixid=M3w3OTA4MjB8MHwxfHNlYXJjaHwxfHxOYXRpb25hbCUyMEdhbGxlcnklMjBvZiUyME1vZGVybiUyMEFydHxlbnwwfHx8fDE3NTUwMDQ2MDF8MA&ixlib=rb-4.1.0&q=80&w=1080
Delhi,Delhi,National Zoological Park ,4.1,All,0.41,https://images.unsplash.com/photo-1672092850905-5133bbbedde5?crop=entropy&cs=tinysrgb&fit=max&fm=jpg&ixid=M3w3OTA4MjB8MHwxfHNlYXJjaHwxfHxOYXRpb25hbCUyMFpvb2xvZ2ljYWwlMjBQYXJrJTIwfGVufDB8fHx8MTc1NTAwNDYwMnww&ixlib=rb-4.1.0&q=80&w=1080
Delhi,Delhi,Qutub Minar,4.5,Afternoon,1.37,https://images.unsplash.com/photo-1632426237957-5ea14aae7100?crop=entropy&cs=tinysrgb&fit=max&fm=jpg&ixid=M3w3OTA4MjB8MHwxfHNlYXJjaHwxfHxRdXR1YiUyME1pbmFyfGVufDB8fHx8MTc1NTAwNDYwM3ww&ixlib=rb-4.1.0&q=80&w=1080
Delhi,Delhi,National Science Centre,4.4,All,0.23,https://images.unsplash.com/photo-1727887919724-6eeb610b1872?crop=entropy&cs=tinysrgb&fit=max&fm=jpg&ixid=M3w3OTA4MjB8MHwxfHNlYXJjaHwxfHxOYXRpb25hbCUyMFNjaWVuY2UlMjBDZW50cmV8ZW58MHx8fHwxNzU1MDA0NjAzfDA&ixlib=rb-4.1.0&q=80&w=1080
Maharastra,Mumbai,Marine Drive,4.5,Evening,1.5,https://images.unsplash.com/photo-1584175728154-a0b4b064b753?crop=entropy&cs=tinysrgb&fit=max&fm=jpg&ixid=M3w3OTA4MjB8MHwxfHNlYXJjaHwxfHxNYXJpbmUlMjBEcml2ZXxlbnwwfHx8fDE3NTUwMDQ2MDR8MA&ixlib=rb-4.1.0&q=80&w=1080
Maharastra,Mumbai,Gateway of India,4.6,All,3.6,https://images.unsplash.com/photo-1598434192043-71111c1b3f41?crop=entropy&cs=tinysrgb&fit=max&fm=jpg&ixid=M3w3OTA4MjB8MHwxfHNlYXJjaHwxfHxHYXRld2F5JTIwb2YlMjBJbmRpYXxlbnwwfHx8fDE3NTUwMDQ2MDV8MA&ixlib=rb-4.1.0&q=80&w=1080
Maharastra,Mumbai,Chhatrapati Shivaji Maharaj Vastu Sangrahalaya,4.6,All,0.34,https://images.unsplash.com/photo-1713103660271-3b1ffe5bba5d?crop=entropy&cs=tinysrgb&fit=max&fm=jpg&ixid=M3w3OTA4MjB8MHwxfHNlYXJjaHwxfHxDaGhhdHJhcGF0aSUyMFNoaXZhamklMjBNYWhhcmFqJTIwVmFzdHUlMjBTYW5ncmFoYWxheWF8ZW58MHx8fHwxNzU1MDA0NjA2fDA&ixlib=rb-4.1.0&q=80&w=1080
Maharastra,Mumbai,Sanjay Gandhi National Park,4.3,All,0.6,https://images.unsplash.com/photo-1665844830397-9f53a1839b10?crop=entropy&cs=tinysrgb&fit=max&fm=jpg&ixid=M3w3OTA4MjB8MHwxfHNlYXJjaHwxfHxTYW5qYXklMjBHYW5kaGklMjBOYXRpb25hbCUyMFBhcmt8ZW58MHx8fHwxNzU1MDA0NjA2fDA&ixlib=rb-4.1.0&q=80&w=1080
Maharastra,Mumbai,Siddhivinayak Temple,4.8,All,1.05,https://images.unsplash.com/photo-1580060092298-e6ceef184946?crop=entropy&cs=tinysrgb&fit=max&fm=jpg&ixid=M3w3OTA4MjB8MHwxfHNlYXJjaHwxfHxTaWRkaGl2aW5heWFrJTIwVGVtcGxlfGVufDB8fHx8MTc1NTAwNDYwN3ww&ixlib=rb-4.1.0&q=80&w=1080
Maharastra,Mumbai,Mahalaxmi Temple,4.7,All,0.33,https://images.unsplash.com/photo-1677560942518-0b15fbf8c787?crop=entropy&cs=tinysrgb&fit=max&fm=jpg&ixid=M3w3OTA4MjB8MHwxfHNlYXJjaHwxfHxNYWhhbGF4bWklMjBUZW1wbGV8ZW58MHx8fHwxNzU1MDA0NjA4fDA&ixlib=rb-4.1.0&q=80&w=1080
Maharastra,Mumbai,Haji Ali Dargah,4.4,All,0.16,https://images.unsplash.com/photo-1718528199979-7255a29dea75?crop=entropy&cs=tinysrgb&fit=max&fm=jpg&ixid=M3w3OTA4MjB8MHwxfHNlYXJjaHwxfHxIYWppJTIwQWxpJTIwRGFyZ2FofGVufDB8fHx8MTc1NTAwNDYwOXww&ixlib=rb-4.1.0&q=80&w=1080
Maharastra,Mumbai,Chowpatty Beach,4.3,Evening,0.05,https://images.unsplash.com/photo-1666843527155-14ec5f016802?crop=entropy&cs=tinysrgb&fit=max&fm=jpg&ixid=M3w3OTA4MjB8MHwxfHNlYXJjaHwxfHxDaG93cGF0dHklMjBCZWFjaHxlbnwwfHx8fDE3NTUwMDQ2MTB8MA&ixlib=rb-4.1.0&q=80&w=1080
Maharastra,Mumbai,Essel World,4.3,All,0.27,https://images.unsplash.com/photo-1498831624351-bb3e382fe091?crop=entropy&cs=tinysrgb&fit=max&fm=jpg&ixid=M3w3OTA4MjB8MHwxfHNlYXJjaHwxfHxFc3NlbCUyMFdvcmxkfGVufDB8fHx8MTc1NTAwNDYxMXww&ixlib=rb-4.1.0&q=80&w=1080
Maharastra,Mumbai,Elephanta Caves,4.3,All ,0.35,https://images.unsplash.com/photo-1684837681040-bf2a1653de60?crop=entropy&cs=tinysrgb&fit=max&fm=jpg&ixid=M3w3OTA4MjB8MHwxfHNlYXJjaHwxfHxFbGVwaGFudGElMjBDYXZlc3xlbnwwfHx8fDE3NTUwMDQ2MTJ8MA&ixlib=rb-4.1.0&q=80&w=1080
Maharastra,Lonavala,Imagicaa,1.4,All,0.95,https://images.unsplash.com/photo-1610472192601-42116c9f8186?crop=entropy&cs=tinysrgb&fit=max&fm=jpg&ixid=M3w3OTA4MjB8MHwxfHNlYXJjaHwxfHxJbWFnaWNhYXxlbnwwfHx8fDE3NTUwMDQ2MTN8MA&ixlib=rb-4.1.0&q=80&w=1080
Karnataka,Bangalore,Bangalore Palace,4.2,Morning,0.9,https://images.unsplash.com/photo-1672828792610-c336e7db6646?crop=entropy&cs=tinysrgb&fit=max&fm=jpg&ixid=M3w3OTA4MjB8MHwxfHNlYXJjaHwxfHxCYW5nYWxvcmUlMjBQYWxhY2V8ZW58MHx8fHwxNzU1MDA0NjE0fDA&ixlib=rb-4.1.0&q=80&w=1080
Karnataka,Bangalore,Lalbagh Botanical Garden,4.4,Evening,1.5,https://images.unsplash.com/photo-1720888954684-5fe893d53ce4?crop=entropy&cs=tinysrgb&fit=max&fm=jpg&ixid=M3w3OTA4MjB8MHwxfHNlYXJjaHwxfHxMYWxiYWdoJTIwQm90YW5pY2FsJTIwR2FyZGVufGVufDB8fHx8MTc1NTAwNDYxNXww&ixlib=rb-4.1.0&q=80&w=1080
Karnataka,Bangalore,Cubbon Park,4.4,Morning,1.32,https://images.unsplash.com/photo-1675845301432-b1cf3429846d?crop=entropy&cs=tinysrgb&fit=max&fm=jpg&ixid=M3w3OTA4MjB8MHwxfHNlYXJjaHwxfHxDdWJib24lMjBQYXJrfGVufDB8fHx8MTc1NTAwNDYxNnww&ixlib=rb-4.1.0&q=80&w=1080
Karnataka,Bangalore,Vidhana Soudha,4.6,Morning,0.8,https://images.unsplash.com/photo-1709967884183-7ffa9d168508?crop=entropy&cs=tinysrgb&fit=max&fm=jpg&ixid=M3w3OTA4MjB8MHwxfHNlYXJjaHwxfHxWaWRoYW5hJTIwU291ZGhhfGVufDB8fHx8MTc1NTAwNDYxNnww&ixlib=rb-4.1.0&q=80&w=1080
Karnataka,Bangalore,ISKCON Temple Bangalore,4.6,Evening,1.14,https://images.unsplash.com/photo-1695824397018-31fa9e2b7a2e?crop=entropy&cs=tinysrgb&fit=max&fm=jpg&ixid=M3w3OTA4MjB8MHwxfHNlYXJjaHwxfHxJU0tDT04lMjBUZW1wbGUlMjBCYW5nYWxvcmV8ZW58MHx8fHwxNzU1MDA0NjE3fDA&ixlib=rb-4.1.0&q=80&w=1080
Telangana,Hyderabad,Charminar,4.5,Morning,2.1,https://images.unsplash.com/photo-1696941515998-d83f24967aca?crop=entropy&cs=tinysrgb&fit=max&fm=jpg&ixid=M3w3OTA4MjB8MHwxfHNlYXJjaHwxfHxDaGFybWluYXJ8ZW58MHx8fHwxNzU1MDA0NjE4fDA&ixlib=rb-4.1.0&q=80&w=1080
Telangana,Hyderabad,Golconda Fort,4.4,Morning,1.2,https://images.unsplash.com/photo-1470075446540-4391a96ec621?crop=entropy&cs=tinysrgb&fit=max&fm=jpg&ixid=M3w3OTA4MjB8MHwxfHNlYXJjaHwxfHxHb2xjb25kYSUyMEZvcnR8ZW58MHx8fHwxNzU1MDA0NjE5fDA&ixlib=rb-4.1.0&q=80&w=1080
Telangana,Hyderabad,Hussain Sagar Lake,4.3,Evening,0.5,https://images.unsplash.com/photo-1712422813106-dfb845a8a7ed?crop=entropy&cs=tinysrgb&fit=max&fm=jpg&ixid=M3w3OTA4MjB8MHwxfHNlYXJjaHwxfHxIdXNzYWluJTIwU2FnYXIlMjBMYWtlfGVufDB8fHx8MTc1NTAwNDYyMHww&ixlib=rb-4.1.0&q=80&w=1080
Telangana,Hyderabad,Ramoji Film City,4.4,All,0.45,https://images.unsplash.com/photo-1598610339755-6e4e24737a27?crop=entropy&cs=tinysrgb&fit=max&fm=jpg&ixid=M3w3OTA4MjB8MHwxfHNlYXJjaHwxfHxSYW1vamklMjBGaWxtJTIwQ2l0eXxlbnwwfHx8fDE3NTUwMDQ2MjB8MA&ixlib=rb-4.1.0&q=80&w=1080
Telangana,Hyderabad,Salar Jung Museum,4.4,All,0.67,https://images.unsplash.com/photo-1655393002598-a97a97273210?crop=entropy&cs=tinysrgb&fit=max&fm=jpg&ixid=M3w3OTA4MjB8MHwxfHNlYXJjaHwxfHxTYWxhciUyMEp1bmclMjBNdXNldW18ZW58MHx8fHwxNzU1MDA0NjIxfDA&ixlib=rb-4.1.0&q=80&w=1080
Telangana,Hyderabad,Qutb Shahi Tombs,4.4,Morning,0.2,https://images.unsplash.com/photo-1728046421058-1e1e28e57193?crop=entropy&cs=tinysrgb&fit=max&fm=jpg&ixid=M3w3OTA4MjB8MHwxfHNlYXJjaHwxfHxRdXRiJTIwU2hhaGklMjBUb21ic3xlbnwwfHx8fDE3NTUwMDQ2MjJ8MA&ixlib=rb-4.1.0&q=80&w=1080
Telangana,Hyderabad,Birla Mandir,4.7,All,0.41,https://images.unsplash.com/photo-1597109216022-71b4810ed4c0?crop=entropy&cs=tinysrgb&fit=max&fm=jpg&ixid=M3w3OTA4MjB8MHwxfHNlYXJjaHwxfHxCaXJsYSUyME1hbmRpcnxlbnwwfHx8fDE3NTUwMDQ2MjJ8MA&ixlib=rb-4.1.0&q=80&w=1080
Telangana,Hyderabad,Chowmahalla Palace,4.4,Morning,0.45,https://images.unsplash.com/photo-1692964808433-a7f9554c3f24?crop=entropy&cs=tinysrgb&fit=max&fm=jpg&ixid=M3w3OTA4MjB8MHwxfHNlYXJjaHwxfHxDaG93bWFoYWxsYSUyMFBhbGFjZXxlbnwwfHx8fDE3NTUwMDQ2MjN8MA&ixlib=rb-4.1.0&q=80&w=1080
Telangana,Hyderabad,Nehru Zoological Park,4.2,Morning,0.86,https://images.unsplash.com/photo-1691477804237-c378d8ccfd43?crop=entropy&cs=tinysrgb&fit=max&fm=jpg&ixid=M3w3OTA4MjB8MHwxfHNlYXJjaHwxfHxOZWhydSUyMFpvb2xvZ2ljYWwlMjBQYXJrfGVufDB8fHx8MTc1NTAwNDYyNHww&ixlib=rb-4.1.0&q=80&w=1080
Telangana,Hyderabad,Lumbini Park,4.1,Evening,0.73,https://images.unsplash.com/photo-1742320484904-3040fc3b2569?crop=entropy&cs=tinysrgb&fit=max&fm=jpg&ixid=M3w3OTA4MjB8MHwxfHNlYXJjaHwxfHxMdW1iaW5pJTIwUGFya3xlbnwwfHx8fDE3NTUwMDQ2MjR8MA&ixlib=rb-4.1.0&q=80&w=1080
West Bengal,Kolkata,Victoria Memorial,4.6,Morning,0.73,https://images.unsplash.com/photo-1651651166379-06540f274707?crop=entropy&cs=tinysrgb&fit=max&fm=jpg&ixid=M3w3OTA4MjB8MHwxfHNlYXJjaHwxfHxWaWN0b3JpYSUyME1lbW9yaWFsfGVufDB8fHx8MTc1NTAwNDYyNXww&ixlib=rb-4.1.0&q=80&w=1080
West Bengal,Kolkata,Howrah Bridge,4.6,Anytime,1.2,https://images.unsplash.com/photo-1536421469767-80559bb6f5e1?crop=entropy&cs=tinysrgb&fit=max&fm=jpg&ixid=M3w3OTA4MjB8MHwxfHNlYXJjaHwxfHxIb3dyYWglMjBCcmlkZ2V8ZW58MHx8fHwxNzU1MDA0NjI2fDA&ixlib=rb-4.1.0&q=80&w=1080
West Bengal,Kolkata,Indian Museum,4.6,Morning,0.18,https://images.unsplash.com/photo-1641022514327-c93b1a5dfeef?crop=entropy&cs=tinysrgb&fit=max&fm=jpg&ixid=M3w3OTA4MjB8MHwxfHNlYXJjaHwxfHxJbmRpYW4lMjBNdXNldW18ZW58MHx8fHwxNzU1MDA0NjI3fDA&ixlib=rb-4.1.0&q=80&w=1080
West Bengal,Kolkata,Dakshineswar Kali Temple,4.7,Morning,0.82,https://images.unsplash.com/photo-1649521973050-4f4eea8fa1d9?crop=entropy&cs=tinysrgb&fit=max&fm=jpg&ixid=M3w3OTA4MjB8MHwxfHNlYXJjaHwxfHxEYWtzaGluZXN3YXIlMjBLYWxpJTIwVGVtcGxlfGVufDB8fHx8MTc1NTAwNDYyOHww&ixlib=rb-4.1.0&q=80&w=1080
West Bengal,Kolkata,Kalighat Kali Temple,4.4,Morning,0.5,https://images.unsplash.com/photo-1660294120418-32d39da9ab83?crop=entropy&cs=tinysrgb&fit=max&fm=jpg&ixid=M3w3OTA4MjB8MHwxfHNlYXJjaHwxfHxLYWxpZ2hhdCUyMEthbGklMjBUZW1wbGV8ZW58MHx8fHwxNzU1MDA0NjI5fDA&ixlib=rb-4.1.0&q=80&w=1080
West Bengal,Kolkata,Eden Gardens,4.1,All,0.1,https://images.unsplash.com/photo-1682066502781-945be92dfdb7?crop=entropy&cs=tinysrgb&fit=max&fm=jpg&ixid=M3w3OTA4MjB8MHwxfHNlYXJjaHwxfHxFZGVuJTIwR2FyZGVuc3xlbnwwfHx8fDE3NTUwMDQ2Mjl8MA&ixlib=rb-4.1.0&q=80&w=1080
West Bengal,Kolkata,Alipore Zoological Gardens,4.3,Afternoon,0.66,https://images.unsplash.com/photo-1725822345014-844d043d840c?crop=entropy&cs=tinysrgb&fit=max&fm=jpg&ixid=M3w3OTA4MjB8MHwxfHNlYXJjaHwxfHxBbGlwb3JlJTIwWm9vbG9naWNhbCUyMEdhcmRlbnN8ZW58MHx8fHwxNzU1MDA0NjMwfDA&ixlib=rb-4.1.0&q=80&w=1080
West Bengal,Kolkata,Science City Kolkata,4.4,All,0.88,https://images.unsplash.com/photo-1579206193097-073edb956265?crop=entropy&cs=tinysrgb&fit=max&fm=jpg&ixid=M3w3OTA4MjB8MHwxfHNlYXJjaHwxfHxTY2llbmNlJTIwQ2l0eSUyMEtvbGthdGF8ZW58MHx8fHwxNzU1MDA0NjMxfDA&ixlib=rb-4.1.0&q=80&w=1080
West Bengal,Kolkata,Belur Math,4.7,Morning,0.47,https://images.unsplash.com/photo-1632570248871-ba854ca12f76?crop=entropy&cs=tinysrgb&fit=max&fm=jpg&ixid=M3w3OTA4MjB8MHwxfHNlYXJjaHwxfHxCZWx1ciUyME1hdGh8ZW58MHx8fHwxNzU1MDA3ODE1fDA&ixlib=rb-4.1.0&q=80&w=1080
West Bengal,Kolkata,Marble Palace,4.4,Afternoon,0.1,https://images.unsplash.com/photo-1574974915714-b6ae26af1727?crop=entropy&cs=tinysrgb&fit=max&fm=jpg&ixid=M3w3OTA4MjB8MHwxfHNlYXJjaHwxfHxNYXJibGUlMjBQYWxhY2V8ZW58MHx8fHwxNzU1MDA3ODE2fDA&ixlib=rb-4.1.0&q=80&w=1080
Goa,Goa,Calangute Beach,4.4,Evening,0.26,https://images.unsplash.com/photo-1597820334272-af87b2d917c1?crop=entropy&cs=tinysrgb&fit=max&fm=jpg&ixid=M3w3OTA4MjB8MHwxfHNlYXJjaHwxfHxDYWxhbmd1dGUlMjBCZWFjaHxlbnwwfHx8fDE3NTUwMDc4MTd8MA&ixlib=rb-4.1.0&q=80&w=1080
Goa,Goa,Basilica of Bom Jesus,4.5,Afternoon,0.59,https://images.unsplash.com/photo-1706940119676-957a79a61248?crop=entropy&cs=tinysrgb&fit=max&fm=jpg&ixid=M3w3OTA4MjB8MHwxfHNlYXJjaHwxfHxCYXNpbGljYSUyMG9mJTIwQm9tJTIwSmVzdXN8ZW58MHx8fHwxNzU1MDA3ODE4fDA&ixlib=rb-4.1.0&q=80&w=1080
Goa,Goa,Fort Aguada,4.2,Morning,0.95,https://images.unsplash.com/photo-1702890761067-4d6fdb0abced?crop=entropy&cs=tinysrgb&fit=max&fm=jpg&ixid=M3w3OTA4MjB8MHwxfHNlYXJjaHwxfHxGb3J0JTIwQWd1YWRhfGVufDB8fHx8MTc1NTAwNzgxOHww&ixlib=rb-4.1.0&q=80&w=1080
Goa,Goa,Dudhsagar Falls,4.6,Afternoon,0.3,https://images.unsplash.com/photo-1667760334198-d3958029a08b?crop=entropy&cs=tinysrgb&fit=max&fm=jpg&ixid=M3w3OTA4MjB8MHwxfHNlYXJjaHwxfHxEdWRoc2FnYXIlMjBGYWxsc3xlbnwwfHx8fDE3NTUwMDc4MTl8MA&ixlib=rb-4.1.0&q=80&w=1080
Goa,Goa,Anjuna Beach,4.4,Evening,0.18,https://images.unsplash.com/photo-1575747687077-b7a4bb468f65?crop=entropy&cs=tinysrgb&fit=max&fm=jpg&ixid=M3w3OTA4MjB8MHwxfHNlYXJjaHwxfHxBbmp1bmElMjBCZWFjaHxlbnwwfHx8fDE3NTUwMDc4MjB8MA&ixlib=rb-4.1.0&q=80&w=1080
Goa,Goa,Chapora Fort,4.2,Evening,0.19,https://images.unsplash.com/photo-1642516864513-457ca5902c97?crop=entropy&cs=tinysrgb&fit=max&fm=jpg&ixid=M3w3OTA4MjB8MHwxfHNlYXJjaHwxfHxDaGFwb3JhJTIwRm9ydHxlbnwwfHx8fDE3NTUwMDc4MjB8MA&ixlib=rb-4.1.0&q=80&w=1080
Goa,Goa,Se Cathedral,4.5,Afternoon,0.05,https://images.unsplash.com/photo-1717515422082-e1c02722610d?crop=entropy&cs=tinysrgb&fit=max&fm=jpg&ixid=M3w3OTA4MjB8MHwxfHNlYXJjaHwxfHxTZSUyMENhdGhlZHJhbHxlbnwwfHx8fDE3NTUwMDc4MjF8MA&ixlib=rb-4.1.0&q=80&w=1080
Goa,Goa,Baga Beach,4.5,Evening,0.35,https://images.unsplash.com/photo-1593620529462-619501b0f7f1?crop=entropy&cs=tinysrgb&fit=max&fm=jpg&ixid=M3w3OTA4MjB8MHwxfHNlYXJjaHwxfHxCYWdhJTIwQmVhY2h8ZW58MHx8fHwxNzU1MDA3ODIyfDA&ixlib=rb-4.1.0&q=80&w=1080
Goa,Goa,Arambol Beach,4.6,Evening,0.1,https://images.unsplash.com/photo-1652820330085-82a0c2b88d78?crop=entropy&cs=tinysrgb&fit=max&fm=jpg&ixid=M3w3OTA4MjB8MHwxfHNlYXJjaHwxfHxBcmFtYm9sJTIwQmVhY2h8ZW58MHx8fHwxNzU1MDA3ODIyfDA&ixlib=rb-4.1.0&q=80&w=1080
Goa,Goa,Palolem Beach,4.6,Evening,0.27,https://images.unsplash.com/photo-1614082242765-7c98ca0f3df3?crop=entropy&cs=tinysrgb&fit=max&fm=jpg&ixid=M3w3OTA4MjB8MHwxfHNlYXJjaHwxfHxQYWxvbGVtJTIwQmVhY2h8ZW58MHx8fHwxNzU1MDA3ODIzfDA&ixlib=rb-4.1.0&q=80&w=1080
Goa,Goa,Colva Beach,4.3,Evening,0.1,https://images.unsplash.com/photo-1564880906832-7b0cd64bd750?crop=entropy&cs=tinysrgb&fit=max&fm=jpg&ixid=M3w3OTA4MjB8MHwxfHNlYXJjaHwxfHxDb2x2YSUyMEJlYWNofGVufDB8fHx8MTc1NTAwNzgyNHww&ixlib=rb-4.1.0&q=80&w=1080
Goa,Goa,Miramar Beach,4.2,Evening,0.3,https://images.unsplash.com/photo-1647797013933-c53ac86cb997?crop=entropy&cs=tinysrgb&fit=max&fm=jpg&ixid=M3w3OTA4MjB8MHwxfHNlYXJjaHwxfHxNaXJhbWFyJTIwQmVhY2h8ZW58MHx8fHwxNzU1MDA3ODI1fDA&ixlib=rb-4.1.0&q=80&w=1080
Goa,Goa,Aguada Beach,4.5,Evening,0.01,https://images.unsplash.com/photo-1711185425050-263e7f2d70fa?crop=entropy&cs=tinysrgb&fit=max&fm=jpg&ixid=M3w3OTA4MjB8MHwxfHNlYXJjaHwxfHxBZ3VhZGElMjBCZWFjaHxlbnwwfHx8fDE3NTUwMDc4MjV8MA&ixlib=rb-4.1.0&q=80&w=1080
Goa,Goa,Dr. Salim Ali Bird Santuary,3.9,Afternoon,0.03,https://images.unsplash.com/photo-1730014394232-b7b198b46199?crop=entropy&cs=tinysrgb&fit=max&fm=jpg&ixid=M3w3OTA4MjB8MHwxfHNlYXJjaHwxfHxEci4lMjBTYWxpbSUyMEFsaSUyMEJpcmQlMjBTYW50dWFyeXxlbnwwfHx8fDE3NTUwMDc4MjZ8MA&ixlib=rb-4.1.0&q=80&w=1080
Gujarat,Ahmedabad,Sabarmati Ashram,4.6,Morning,0.35,https://images.unsplash.com/photo-1662101841266-a6202b991340?crop=entropy&cs=tinysrgb&fit=max&fm=jpg&ixid=M3w3OTA4MjB8MHwxfHNlYXJjaHwxfHxTYWJhcm1hdGklMjBBc2hyYW18ZW58MHx8fHwxNzU1MDA3ODI3fDA&ixlib=rb-4.1.0&q=80&w=1080
Gujarat,Dwarka,Dwarkadhish Temple,4.7,Evening,0.59,https://images.unsplash.com/photo-1580060092298-e6ceef184946?crop=entropy&cs=tinysrgb&fit=max&fm=jpg&ixid=M3w3OTA4MjB8MHwxfHNlYXJjaHwxfHxEd2Fya2FkaGlzaCUyMFRlbXBsZXxlbnwwfHx8fDE3NTUwMDc4Mjd8MA&ixlib=rb-4.1.0&q=80&w=1080
Gujarat,Junagadh,Gir National Park,4.5,Morning,0.08,https://images.unsplash.com/photo-1634046808105-ce0ec912691e?crop=entropy&cs=tinysrgb&fit=max&fm=jpg&ixid=M3w3OTA4MjB8MHwxfHNlYXJjaHwxfHxHaXIlMjBOYXRpb25hbCUyMFBhcmt8ZW58MHx8fHwxNzU1MDA3ODI4fDA&ixlib=rb-4.1.0&q=80&w=1080
Gujarat,Bhuj,White Desert,4.6,Evening,0.12,https://images.unsplash.com/photo-1721446316202-7313f20fee53?crop=entropy&cs=tinysrgb&fit=max&fm=jpg&ixid=M3w3OTA4MjB8MHwxfHNlYXJjaHwxfHxXaGl0ZSUyMERlc2VydHxlbnwwfHx8fDE3NTUwMDc4Mjl8MA&ixlib=rb-4.1.0&q=80&w=1080
Gujarat,Vadodara,Laxmi Vilas Palace,4.4,Afternoon,0.17,https://images.unsplash.com/photo-1677648626156-acad341ce207?crop=entropy&cs=tinysrgb&fit=max&fm=jpg&ixid=M3w3OTA4MjB8MHwxfHNlYXJjaHwxfHxMYXhtaSUyMFZpbGFzJTIwUGFsYWNlfGVufDB8fHx8MTc1NTAwNzgzMHww&ixlib=rb-4.1.0&q=80&w=1080
Gujarat,Somnath,Somnath Temple,4.8,Morning,0.39,https://images.unsplash.com/photo-1735192683815-d8918aad53dc?crop=entropy&cs=tinysrgb&fit=max&fm=jpg&ixid=M3w3OTA4MjB8MHwxfHNlYXJjaHwxfHxTb21uYXRoJTIwVGVtcGxlfGVufDB8fHx8MTc1NTAwNzgzMXww&ixlib=rb-4.1.0&q=80&w=1080
Gujarat,Rann of Kutch,Rann Utsav,4.9,Evening,0.1,https://images.unsplash.com/photo-1670406312373-6d4d1776e4aa?crop=entropy&cs=tinysrgb&fit=max&fm=jpg&ixid=M3w3OTA4MjB8MHwxfHNlYXJjaHwxfHxSYW5uJTIwVXRzYXZ8ZW58MHx8fHwxNzU1MDA3ODMyfDA&ixlib=rb-4.1.0&q=80&w=1080
Gujarat,Kevadia,Statue of Unity,4.6,All,0.67,https://images.unsplash.com/photo-1631983097767-099c77bf880d?crop=entropy&cs=tinysrgb&fit=max&fm=jpg&ixid=M3w3OTA4MjB8MHwxfHNlYXJjaHwxfHxTdGF0dWUlMjBvZiUyMFVuaXR5fGVufDB8fHx8MTc1NTAwNzgzM3ww&ixlib=rb-4.1.0&q=80&w=1080
Gujarat,Gandhinagar,Dandi Kutir,4.5,All,0.05,https://images.unsplash.com/photo-1644510141511-b159ae5ad822?crop=entropy&cs=tinysrgb&fit=max&fm=jpg&ixid=M3w3OTA4MjB8MHwxfHNlYXJjaHwxfHxEYW5kaSUyMEt1dGlyfGVufDB8fHx8MTc1NTAwNzgzM3ww&ixlib=rb-4.1.0&q=80&w=1080
Gujarat,Ahmedabad,Sabarmati Riverfront,4.6,Evening,0.1,https://images.unsplash.com/photo-1672844780202-7da5a906132c?crop=entropy&cs=tinysrgb&fit=max&fm=jpg&ixid=M3w3OTA4MjB8MHwxfHNlYXJjaHwxfHxTYWJhcm1hdGklMjBSaXZlcmZyb250fGVufDB8fHx8MTc1NTAwNzgzNHww&ixlib=rb-4.1.0&q=80&w=1080
Gujarat,Ahmedabad,Manek Chowk,4.4,Night,0.49,https://images.unsplash.com/photo-1566598376873-b8ed2fb30bfa?crop=entropy&cs=tinysrgb&fit=max&fm=jpg&ixid=M3w3OTA4MjB8MHwxfHNlYXJjaHwxfHxNYW5layUyMENob3drfGVufDB8fHx8MTc1NTAwNzgzNXww&ixlib=rb-4.1.0&q=80&w=1080
Gujarat,Ahmedabad,Kankaria Lake,4.5,Afternoon,0.3,https://images.unsplash.com/photo-1596201403089-d6cb29543f22?crop=entropy&cs=tinysrgb&fit=max&fm=jpg&ixid=M3w3OTA4MjB8MHwxfHNlYXJjaHwxfHxLYW5rYXJpYSUyMExha2V8ZW58MHx8fHwxNzU1MDA3ODM1fDA&ixlib=rb-4.1.0&q=80&w=1080
Gujarat,Ahmedabad,Science City,4.4,All,0.11,https://images.unsplash.com/photo-1716863694983-03c463939cb3?crop=entropy&cs=tinysrgb&fit=max&fm=jpg&ixid=M3w3OTA4MjB8MHwxfHNlYXJjaHwxfHxTY2llbmNlJTIwQ2l0eXxlbnwwfHx8fDE3NTUwMDc4MzZ8MA&ixlib=rb-4.1.0&q=80&w=1080
Rajasthan,Jaipur,Hawa Mahal,4.4,Morning,1.3,https://images.unsplash.com/photo-1650530777057-3a7dbc24bf6c?crop=entropy&cs=tinysrgb&fit=max&fm=jpg&ixid=M3w3OTA4MjB8MHwxfHNlYXJjaHwxfHxIYXdhJTIwTWFoYWx8ZW58MHx8fHwxNzU1MDA3ODM3fDA&ixlib=rb-4.1.0&q=80&w=1080
Rajasthan,Udaipur,City Palace,4.4,All,0.51,https://images.unsplash.com/photo-1575994532957-773da2f83eb1?crop=entropy&cs=tinysrgb&fit=max&fm=jpg&ixid=M3w3OTA4MjB8MHwxfHNlYXJjaHwxfHxDaXR5JTIwUGFsYWNlfGVufDB8fHx8MTc1NTAwNzgzOHww&ixlib=rb-4.1.0&q=80&w=1080
Rajasthan,Jaisalmer,Jaisalmer Fort,4.4,All,0.56,https://images.unsplash.com/photo-1710347454810-e3d493dcc538?crop=entropy&cs=tinysrgb&fit=max&fm=jpg&ixid=M3w3OTA4MjB8MHwxfHNlYXJjaHwxfHxKYWlzYWxtZXIlMjBGb3J0fGVufDB8fHx8MTc1NTAwNzgzOHww&ixlib=rb-4.1.0&q=80&w=1080
Rajasthan,Sawai Madhopur,Ranthambore National Park,4.6,All,0.09,https://images.unsplash.com/photo-1700562554203-5b8644512759?crop=entropy&cs=tinysrgb&fit=max&fm=jpg&ixid=M3w3OTA4MjB8MHwxfHNlYXJjaHwxfHxSYW50aGFtYm9yZSUyME5hdGlvbmFsJTIwUGFya3xlbnwwfHx8fDE3NTUwMDc4Mzl8MA&ixlib=rb-4.1.0&q=80&w=1080
Rajasthan,Pushkar,Pushkar Lake,4.4,All,1.6,https://images.unsplash.com/photo-1538158851102-3fb1f36d910c?crop=entropy&cs=tinysrgb&fit=max&fm=jpg&ixid=M3w3OTA4MjB8MHwxfHNlYXJjaHwxfHxQdXNoa2FyJTIwTGFrZXxlbnwwfHx8fDE3NTUwMDc4NDB8MA&ixlib=rb-4.1.0&q=80&w=1080
Rajasthan,Ajmer,Ajmer Sharif Dargah,4.6,All,0.35,https://images.unsplash.com/photo-1654349560392-ecf800ed137c?crop=entropy&cs=tinysrgb&fit=max&fm=jpg&ixid=M3w3OTA4MjB8MHwxfHNlYXJjaHwxfHxBam1lciUyMFNoYXJpZiUyMERhcmdhaHxlbnwwfHx8fDE3NTUwMDc4NDB8MA&ixlib=rb-4.1.0&q=80&w=1080
Rajasthan,Jodhpur,Mehrangarh Fort,4.6,All,0.64,https://images.unsplash.com/photo-1566873535350-a3f5d4a804b7?crop=entropy&cs=tinysrgb&fit=max&fm=jpg&ixid=M3w3OTA4MjB8MHwxfHNlYXJjaHwxfHxNZWhyYW5nYXJoJTIwRm9ydHxlbnwwfHx8fDE3NTUwMDc4NDF8MA&ixlib=rb-4.1.0&q=80&w=1080
Rajasthan,Chittorgarh,Chittorgarh Fort,4.6,All,1.9,https://images.unsplash.com/photo-1717329162563-2f93e83cc717?crop=entropy&cs=tinysrgb&fit=max&fm=jpg&ixid=M3w3OTA4MjB8MHwxfHNlYXJjaHwxfHxDaGl0dG9yZ2FyaCUyMEZvcnR8ZW58MHx8fHwxNzU1MDA3ODQyfDA&ixlib=rb-4.1.0&q=80&w=1080
Rajasthan,Mount Abu,Dilwara Temples,4.6,All,0.05,https://images.unsplash.com/photo-1660294120418-32d39da9ab83?crop=entropy&cs=tinysrgb&fit=max&fm=jpg&ixid=M3w3OTA4MjB8MHwxfHNlYXJjaHwxfHxEaWx3YXJhJTIwVGVtcGxlc3xlbnwwfHx8fDE3NTUwMDc4NDR8MA&ixlib=rb-4.1.0&q=80&w=1080
Rajasthan,Bikaner,Junagarh Fort,4.5,All,0.32,https://images.unsplash.com/photo-1652019126778-c0937662c884?crop=entropy&cs=tinysrgb&fit=max&fm=jpg&ixid=M3w3OTA4MjB8MHwxfHNlYXJjaHwxfHxKdW5hZ2FyaCUyMEZvcnR8ZW58MHx8fHwxNzU1MDA3ODQ1fDA&ixlib=rb-4.1.0&q=80&w=1080
Rajasthan,Jaipur,Amber Fort,4.6,All,1.5,https://images.unsplash.com/photo-1599661046827-dacff0c0f09a?crop=entropy&cs=tinysrgb&fit=max&fm=jpg&ixid=M3w3OTA4MjB8MHwxfHNlYXJjaHwxfHxBbWJlciUyMEZvcnR8ZW58MHx8fHwxNzU1MDA3ODQ2fDA&ixlib=rb-4.1.0&q=80&w=1080
Rajasthan,Jaipur,Jaigarh Fort,4.5,All,0.3,https://images.unsplash.com/photo-1660416432340-3774fdf32b31?crop=entropy&cs=tinysrgb&fit=max&fm=jpg&ixid=M3w3OTA4MjB8MHwxfHNlYXJjaHwxfHxKYWlnYXJoJTIwRm9ydHxlbnwwfHx8fDE3NTUwMDc4NDZ8MA&ixlib=rb-4.1.0&q=80&w=1080
Rajasthan,Udaipur,Lake Pichola,4.6,All,0.5,https://images.unsplash.com/photo-1634720564985-5cf184d8eca9?crop=entropy&cs=tinysrgb&fit=max&fm=jpg&ixid=M3w3OTA4MjB8MHwxfHNlYXJjaHwxfHxMYWtlJTIwUGljaG9sYXxlbnwwfHx8fDE3NTUwMDc4NDd8MA&ixlib=rb-4.1.0&q=80&w=1080
Punjab,Amritsar,Golden Temple (Harmandir Sahib),4.9,All,1.9,https://images.unsplash.com/photo-1726392681426-3a35e21230de?crop=entropy&cs=tinysrgb&fit=max&fm=jpg&ixid=M3w3OTA4MjB8MHwxfHNlYXJjaHwxfHxHb2xkZW4lMjBUZW1wbGUlMjAlMjhIYXJtYW5kaXIlMjBTYWhpYiUyOXxlbnwwfHx8fDE3NTUwMDc4NDh8MA&ixlib=rb-4.1.0&q=80&w=1080
Punjab,Amritsar,Jallianwala Bagh,4.8,Afternoon,0.3,https://images.unsplash.com/photo-1730620775685-811aadc9ebdc?crop=entropy&cs=tinysrgb&fit=max&fm=jpg&ixid=M3w3OTA4MjB8MHwxfHNlYXJjaHwxfHxKYWxsaWFud2FsYSUyMEJhZ2h8ZW58MHx8fHwxNzU1MDA3ODQ5fDA&ixlib=rb-4.1.0&q=80&w=1080
Punjab,Amritsar,Wagah Border,4.8,Evening,0.17,https://images.unsplash.com/photo-1651910031211-42aaa52b87cc?crop=entropy&cs=tinysrgb&fit=max&fm=jpg&ixid=M3w3OTA4MjB8MHwxfHNlYXJjaHwxfHxXYWdhaCUyMEJvcmRlcnxlbnwwfHx8fDE3NTUwMDc4NTB8MA&ixlib=rb-4.1.0&q=80&w=1080
Punjab,Chandigarh,Rock Garden,4.5,All,0.5,https://images.unsplash.com/photo-1446292532430-3e76f6ab6444?crop=entropy&cs=tinysrgb&fit=max&fm=jpg&ixid=M3w3OTA4MjB8MHwxfHNlYXJjaHwxfHxSb2NrJTIwR2FyZGVufGVufDB8fHx8MTc1NTAwNzg1MXww&ixlib=rb-4.1.0&q=80&w=1080
Kerala,Alappuzha,Alappuzha Beach,4.5,All,0.11,https://images.unsplash.com/photo-1741865865787-5dc84e575a0c?crop=entropy&cs=tinysrgb&fit=max&fm=jpg&ixid=M3w3OTA4MjB8MHwxfHNlYXJjaHwxfHxBbGFwcHV6aGElMjBCZWFjaHxlbnwwfHx8fDE3NTUwMDc4NTF8MA&ixlib=rb-4.1.0&q=80&w=1080
Kerala,Munnar,Munnar Tea Gardens,4.3,All,0.3,https://images.unsplash.com/photo-1742286087579-fcaa5ed24c35?crop=entropy&cs=tinysrgb&fit=max&fm=jpg&ixid=M3w3OTA4MjB8MHwxfHNlYXJjaHwxfHxNdW5uYXIlMjBUZWElMjBHYXJkZW5zfGVufDB8fHx8MTc1NTAwNzg1Mnww&ixlib=rb-4.1.0&q=80&w=1080
Kerala,Kochi,Fort Kochi,4.4,All,0.1,https://images.unsplash.com/photo-1696966358360-f64c761e0cb5?crop=entropy&cs=tinysrgb&fit=max&fm=jpg&ixid=M3w3OTA4MjB8MHwxfHNlYXJjaHwxfHxGb3J0JTIwS29jaGl8ZW58MHx8fHwxNzU1MDA3ODUzfDA&ixlib=rb-4.1.0&q=80&w=1080
Kerala,Thiruvananthapuram,Padmanabhaswamy Temple,4.7,All,0.46,https://images.unsplash.com/photo-1644773182204-f0bf03cae0cb?crop=entropy&cs=tinysrgb&fit=max&fm=jpg&ixid=M3w3OTA4MjB8MHwxfHNlYXJjaHwxfHxQYWRtYW5hYmhhc3dhbXklMjBUZW1wbGV8ZW58MHx8fHwxNzU1MDA3ODU0fDA&ixlib=rb-4.1.0&q=80&w=1080
Kerala,Kozhikode,Kozhikode Beach,3.9,All,0.059,https://images.unsplash.com/photo-1620758660864-93db6324ffbb?q=80&w=870&auto=format&fit=crop&ixlib=rb-4.1.0&ixid=M3wxMjA3fDB8MHxwaG90by1wYWdlfHx8fGVufDB8fHx8fA%3D%3D
Kerala,Wayanad,Wayanad Wildlife Sanctuary,4.5,All,2.2,https://images.unsplash.com/photo-1441974231531-c6227db76b6e?crop=entropy&cs=tinysrgb&fit=max&fm=jpg&ixid=M3w3OTA4MjB8MHwxfHNlYXJjaHwxfHxuYXRpb25hbCUyMHBhcmt8ZW58MHx8fHwxNzU1MDA0NTkyfDA&ixlib=rb-4.1.0&q=80&w=1080
Kerala,Thekkady,Periyar National Park,4.3,All,0.14,https://images.unsplash.com/photo-1441974231531-c6227db76b6e?crop=entropy&cs=tinysrgb&fit=max&fm=jpg&ixid=M3w3OTA4MjB8MHwxfHNlYXJjaHwxfHxuYXRpb25hbCUyMHBhcmt8ZW58MHx8fHwxNzU1MDA0NTkyfDA&ixlib=rb-4.1.0&q=80&w=1080
Kerala,Kumarakom,Kumarakom Bird Sanctuary,3.8,All,0.1,https://images.unsplash.com/photo-1441974231531-c6227db76b6e?crop=entropy&cs=tinysrgb&fit=max&fm=jpg&ixid=M3w3OTA4MjB8MHwxfHNlYXJjaHwxfHxuYXRpb25hbCUyMHBhcmt8ZW58MHx8fHwxNzU1MDA0NTkyfDA&ixlib=rb-4.1.0&q=80&w=1080
Kerala,Varkala,Varkala Beach,4.6,All,0.1,https://images.unsplash.com/photo-1507525428034-b723cf961d3e?crop=entropy&cs=tinysrgb&fit=max&fm=jpg&ixid=M3w3OTA4MjB8MHwxfHNlYXJjaHwxfHxiZWFjaHxlbnwwfHx8fDE3NTUwMDQ1OTJ8MA&ixlib=rb-4.1.0&q=80&w=1080
Kerala,Bekal,Bekal Fort,4.5,All,0.22,https://images.unsplash.com/photo-1575994532957-773da2f83eb1?crop=entropy&cs=tinysrgb&fit=max&fm=jpg&ixid=M3w3OTA4MjB8MHwxfHNlYXJjaHwxfHxmb3J0fGVufDB8fHx8MTc1NTAwNDU5Mnww&ixlib=rb-4.1.0&q=80&w=1080
Kerala,Kovalam,Kovalam Beach,4.4,All,0.68,https://images.unsplash.com/photo-1507525428034-b723cf961d3e?crop=entropy&cs=tinysrgb&fit=max&fm=jpg&ixid=M3w3OTA4MjB8MHwxfHNlYXJjaHwxfHxiZWFjaHxlbnwwfHx8fDE3NTUwMDQ1OTJ8MA&ixlib=rb-4.1.0&q=80&w=1080
Kerala,Kannur,St. Angelo Fort,4.4,All,0.11,https://images.unsplash.com/photo-1575994532957-773da2f83eb1?crop=entropy&cs=tinysrgb&fit=max&fm=jpg&ixid=M3w3OTA4MjB8MHwxfHNlYXJjaHwxfHxmb3J0fGVufDB8fHx8MTc1NTAwNDU5Mnww&ixlib=rb-4.1.0&q=80&w=1080
Kerala,Nelliyampathy,Seethargundu Viewpoint,4.5,Morning,0.03,https://images.unsplash.com/photo-1449824913935-59a10b8d2000?crop=entropy&cs=tinysrgb&fit=max&fm=jpg&ixid=M3w3OTA4MjB8MHwxfHNlYXJjaHwxfGNpdHl8ZW58MHx8fHwxNzU1MDA0NTkyfDA&ixlib=rb-4.1.0&q=80&w=1080
Kerala,Kochi,Kerala Folklore Museum,4.4,All,0.1,https://images.unsplash.com/photo-1534704031910-abac7ba2103f?crop=entropy&cs=tinysrgb&fit=max&fm=jpg&ixid=M3w3OTA4MjB8MHwxfHNlYXJjaHwxfG11c2V1bXxlbnwwfHx8fDE3NTUwMDQ1OTJ8MA&ixlib=rb-4.1.0&q=80&w=1080
Kerala,Kochi,Wonderla Amusement Park,4.6,All,0.41,https://images.unsplash.com/photo-1585320806297-9794b3e4eeae?crop=entropy&cs=tinysrgb&fit=max&fm=jpg&ixid=M3w3OTA4MjB8MHwxfHNlYXJjaHwxfGdhcmRlbnxlbnwwfHx8fHwxNzU1MDA0NTkyfDA&ixlib=rb-4.1.0&q=80&w=1080
Karnataka,Mysore,Mysore Palace,4.6,All,2.5,https://images.unsplash.com/photo-1575994532957-773da2f83eb1?crop=entropy&cs=tinysrgb&fit=max&fm=jpg&ixid=M3w3OTA4MjB8MHwxfHNlYXJjaHwxfHxmb3J0fGVufDB8fHx8MTc1NTAwNDU5Mnww&ixlib=rb-4.1.0&q=80&w=1080
Karnataka,Hampi,Hampi Archaeological Ruins,4.7,All,0.05,https://images.unsplash.com/photo-1449824913935-59a10b8d2000?crop=entropy&cs=tinysrgb&fit=max&fm=jpg&ixid=M3w3OTA4MjB8MHwxfHNlYXJjaHwxfGNpdHl8ZW58MHx8fHwxNzU1MDA0NTkyfDA&ixlib=rb-4.1.0&q=80&w=1080
Karnataka,Coorg,Abbey Falls,4.1,Morning,0.03,https://images.unsplash.com/photo-1439066615861-d1af74d74000?crop=entropy&cs=tinysrgb&fit=max&fm=jpg&ixid=M3w3OTA4MjB8MHwxfHNlYXJjaHwxfHx3YXRlcmZhbGx8ZW58MHx8fHwxNzU1MDA0NTkyfDA&ixlib=rb-4.1.0&q=80&w=1080
Karnataka,Gokarna,Om Beach,4.5,All,0.09,https://images.unsplash.com/photo-1507525428034-b723cf961d3e?crop=entropy&cs=tinysrgb&fit=max&fm=jpg&ixid=M3w3OTA4MjB8MHwxfHNlYXJjaHwxfHxiZWFjaHxlbnwwfHx8fDE3NTUwMDQ1OTJ8MA&ixlib=rb-4.1.0&q=80&w=1080
Karnataka,Chikmagalur,Mullayanagiri,4.5,All,0.05,https://images.unsplash.com/photo-1449824913935-59a10b8d2000?crop=entropy&cs=tinysrgb&fit=max&fm=jpg&ixid=M3w3OTA4MjB8MHwxfHNlYXJjaHwxfGNpdHl8ZW58MHx8fHwxNzU1MDA0NTkyfDA&ixlib=rb-4.1.0&q=80&w=1080
Karnataka,Badami,Badami Cave Temples,4.6,All,0.2,https://images.unsplash.com/photo-1580060092298-e6ceef184946?crop=entropy&cs=tinysrgb&fit=max&fm=jpg&ixid=M3w3OTA4MjB8MHwxfHNlYXJjaHwxfHx0ZW1wbGV8ZW58MHx8fHwxNzU1MDA0NTkyfDA&ixlib=rb-4.1.0&q=80&w=1080
Karnataka,Shivamogga,Jog Falls,4.6,Morning,0.23,https://images.unsplash.com/photo-1439066615861-d1af74d74000?crop=entropy&cs=tinysrgb&fit=max&fm=jpg&ixid=M3w3OTA4MjB8MHwxfHNlYXJjaHwxfHx3YXRlcmZhbGx8ZW58MHx8fHwxNzU1MDA0NTkyfDA&ixlib=rb-4.1.0&q=80&w=1080
Karnataka,Mangalore,Panambur Beach,4.5,All,0.1,https://images.unsplash.com/photo-1507525428034-b723cf961d3e?crop=entropy&cs=tinysrgb&fit=max&fm=jpg&ixid=M3w3OTA4MjB8MHwxfHNlYXJjaHwxfHxiZWFjaHxlbnwwfHx8fDE3NTUwMDQ1OTJ8MA&ixlib=rb-4.1.0&q=80&w=1080
Karnataka,Murudeshwar,Murudeshwar Temple,4.7,All,0.49,https://images.unsplash.com/photo-1580060092298-e6ceef184946?crop=entropy&cs=tinysrgb&fit=max&fm=jpg&ixid=M3w3OTA4MjB8MHwxfHNlYXJjaHwxfHx0ZW1wbGV8ZW58MHx8fHwxNzU1MDA0NTkyfDA&ixlib=rb-4.1.0&q=80&w=1080
Karnataka,Bijapur,Gol Gumbaz,4.5,All,0.25,https://images.unsplash.com/photo-1449824913935-59a10b8d2000?crop=entropy&cs=tinysrgb&fit=max&fm=jpg&ixid=M3w3OTA4MjB8MHwxfHNlYXJjaHwxfGNpdHl8ZW58MHx8fHwxNzU1MDA0NTkyfDA&ixlib=rb-4.1.0&q=80&w=1080
Karnataka,Bandipur,Bandipur National Park,4.4,Morning,0.15,https://images.unsplash.com/photo-1441974231531-c6227db76b6e?crop=entropy&cs=tinysrgb&fit=max&fm=jpg&ixid=M3w3OTA4MjB8MHwxfHNlYXJjaHwxfHxuYXRpb25hbCUyMHBhcmt8ZW58MHx8fHwxNzU1MDA0NTkyfDA&ixlib=rb-4.1.0&q=80&w=1080
Karnataka,Halebidu,Halebidu Hoysaleswara Temple,4.7,All,0.11,https://images.unsplash.com/photo-1580060092298-e6ceef184946?crop=entropy&cs=tinysrgb&fit=max&fm=jpg&ixid=M3w3OTA4MjB8MHwxfHNlYXJjaHwxfHx0ZW1wbGV8ZW58MHx8fHwxNzU1MDA0NTkyfDA&ixlib=rb-4.1.0&q=80&w=1080
Maharastra,Pune,Shaniwar Wada,4.4,All,1.2,https://images.unsplash.com/photo-1449824913935-59a10b8d2000?crop=entropy&cs=tinysrgb&fit=max&fm=jpg&ixid=M3w3OTA4MjB8MHwxfHNlYXJjaHwxfGNpdHl8ZW58MHx8fHwxNzU1MDA0NTkyfDA&ixlib=rb-4.1.0&q=80&w=1080
Maharastra,Aurangabad,Ajanta Caves,4.6,Afternoon,0.21,https://images.unsplash.com/photo-1684837681040-bf2a1653de60?crop=entropy&cs=tinysrgb&fit=max&fm=jpg&ixid=M3w3OTA4MjB8MHwxfHNlYXJjaHwxfGNhdmV8ZW58MHx8fHwxNzU1MDA0NTkyfDA&ixlib=rb-4.1.0&q=80&w=1080
Maharastra,Nashik,Sula Vineyards,4.1,Afternoon,0.1,https://images.unsplash.com/photo-1449824913935-59a10b8d2000?crop=entropy&cs=tinysrgb&fit=max&fm=jpg&ixid=M3w3OTA4MjB8MHwxfHNlYXJjaHwxfGNpdHl8ZW58MHx8fHwxNzU1MDA0NTkyfDA&ixlib=rb-4.1.0&q=80&w=1080
Maharastra,Shirdi,Sai Baba Temple,4.7,All,0.69,https://images.unsplash.com/photo-1580060092298-e6ceef184946?crop=entropy&cs=tinysrgb&fit=max&fm=jpg&ixid=M3w3OTA4MjB8MHwxfHNlYXJjaHwxfHx0ZW1wbGV8ZW58MHx8fHwxNzU1MDA0NTkyfDA&ixlib=rb-4.1.0&q=80&w=1080
Maharastra,Alibaug,Alibaug Beach,4.2,Evening,0.05,https://images.unsplash.com/photo-1507525428034-b723cf961d3e?crop=entropy&cs=tinysrgb&fit=max&fm=jpg&ixid=M3w3OTA4MjB8MHwxfHNlYXJjaHwxfHxiZWFjaHxlbnwwfHx8fDE3NTUwMDQ1OTJ8MA&ixlib=rb-4.1.0&q=80&w=1080
Maharastra,Ratnagiri,Ganapatipule Temple,4.7,All,0.1,https://images.unsplash.com/photo-1580060092298-e6ceef184946?crop=entropy&cs=tinysrgb&fit=max&fm=jpg&ixid=M3w3OTA4MjB8MHwxfHNlYXJjaHwxfHx0ZW1wbGV8ZW58MHx8fHwxNzU1MDA0NTkyfDA&ixlib=rb-4.1.0&q=80&w=1080
Maharastra,Nagpur,Deekshabhoomi,4.5,Afternoon,0.11,https://images.unsplash.com/photo-1449824913935-59a10b8d2000?crop=entropy&cs=tinysrgb&fit=max&fm=jpg&ixid=M3w3OTA4MjB8MHwxfHNlYXJjaHwxfGNpdHl8ZW58MHx8fHwxNzU1MDA0NTkyfDA&ixlib=rb-4.1.0&q=80&w=1080
Maharastra,Kolhapur,Mahalakshmi Temple,4.8,All,0.9,https://images.unsplash.com/photo-1580060092298-e6ceef184946?crop=entropy&cs=tinysrgb&fit=max&fm=jpg&ixid=M3w3OTA4MjB8MHwxfHNlYXJjaHwxfHx0ZW1wbGV8ZW58MHx8fHwxNzU1MDA0NTkyfDA&ixlib=rb-4.1.0&q=80&w=1080
Maharastra,Lonavala,Karla Caves,4.4,Afternoon,0.27,https://images.unsplash.com/photo-1684837681040-bf2a1653de60?crop=entropy&cs=tinysrgb&fit=max&fm=jpg&ixid=M3w3OTA4MjB8MHwxfHNlYXJjaHwxfGNhdmV8ZW58MHx8fHwxNzU1MDA0NTkyfDA&ixlib=rb-4.1.0&q=80&w=1080
Maharashtra,Tarkarli,Tarkarli Beach,4.6,Evening,0.065,https://images.unsplash.com/photo-1507525428034-b723cf961d3e?crop=entropy&cs=tinysrgb&fit=max&fm=jpg&ixid=M3w3OTA4MjB8MHwxfHNlYXJjaHwxfHxiZWFjaHxlbnwwfHx8fDE3NTUwMDQ1OTJ8MA&ixlib=rb-4.1.0&q=80&w=1080
Maharashtra,Satara,Kaas Plateau,4.4,Afternoon,0.05,https://images.unsplash.com/photo-1449824913935-59a10b8d2000?crop=entropy&cs=tinysrgb&fit=max&fm=jpg&ixid=M3w3OTA4MjB8MHwxfHNlYXJjaHwxfGNpdHl8ZW58MHx8fHwxNzU1MDA0NTkyfDA&ixlib=rb-4.1.0&q=80&w=1080
Maharashtra,Matheran,Echo Point,4.4,Morning,0.02,https://images.unsplash.com/photo-1449824913935-59a10b8d2000?crop=entropy&cs=tinysrgb&fit=max&fm=jpg&ixid=M3w3OTA4MjB8MHwxfHNlYXJjaHwxfGNpdHl8ZW58MHx8fHwxNzU1MDA0NTkyfDA&ixlib=rb-4.1.0&q=80&w=1080
Maharashtra,Ajanta,Ellora Caves,4.7,Afternoon,0.49,https://images.unsplash.com/photo-1684837681040-bf2a1653de60?crop=entropy&cs=tinysrgb&fit=max&fm=jpg&ixid=M3w3OTA4MjB8MHwxfHNlYXJjaHwxfGNhdmV8ZW58MHx8fHwxNzU1MDA0NTkyfDA&ixlib=rb-4.1.0&q=80&w=1080
Madhya Pradesh,Khajuraho,Khajuraho Group of Monuments,4.7,Afternoon,0.09,https://images.unsplash.com/photo-1449824913935-59a10b8d2000?crop=entropy&cs=tinysrgb&fit=max&fm=jpg&ixid=M3w3OTA4MjB8MHwxfHNlYXJjaHwxfGNpdHl8ZW58MHx8fHwxNzU1MDA0NTkyfDA&ixlib=rb-4.1.0&q=80&w=1080
Madhya Pradesh,Bhopal,Sanchi Stupa,4.7,Afternoon,0.01,https://images.unsplash.com/photo-1449824913935-59a10b8d2000?crop=entropy&cs=tinysrgb&fit=max&fm=jpg&ixid=M3w3OTA4MjB8MHwxfHNlYXJjaHwxfGNpdHl8ZW58MHx8fHwxNzU1MDA0NTkyfDA&ixlib=rb-4.1.0&q=80&w=1080
Madhya Pradesh,Indore,Rajwada Palace,4.4,Afternoon,0.63,https://images.unsplash.com/photo-1575994532957-773da2f83eb1?crop=entropy&cs=tinysrgb&fit=max&fm=jpg&ixid=M3w3OTA4MjB8MHwxfHNlYXJjaHwxfHxmb3J0fGVufDB8fHx8MTc1NTAwNDU5Mnww&ixlib=rb-4.1.0&q=80&w=1080
Madhya Pradesh,Gwalior,Gwalior Fort,4.5,Morning,0.4,https://images.unsplash.com/photo-1575994532957-773da2f83eb1?crop=entropy&cs=tinysrgb&fit=max&fm=jpg&ixid=M3w3OTA4MjB8MHwxfHNlYXJjaHwxfHxmb3J0fGVufDB8fHx8MTc1NTAwNDU5Mnww&ixlib=rb-4.1.0&q=80&w=1080
Madhya Pradesh,Ujjain,Mahakaleshwar Jyotirlinga,4.8,All,1.2,https://images.unsplash.com/photo-1449824913935-59a10b8d2000?crop=entropy&cs=tinysrgb&fit=max&fm=jpg&ixid=M3w3OTA4MjB8MHwxfHNlYXJjaHwxfGNpdHl8ZW58MHx8fHwxNzU1MDA0NTkyfDA&ixlib=rb-4.1.0&q=80&w=1080
Madhya Pradesh,Jabalpur,Dhuandhar Falls,4.5,Morning,0.01,https://images.unsplash.com/photo-1439066615861-d1af74d74000?crop=entropy&cs=tinysrgb&fit=max&fm=jpg&ixid=M3w3OTA4MjB8MHwxfHNlYXJjaHwxfHx3YXRlcmZhbGx8ZW58MHx8fHwxNzU1MDA0NTkyfDA&ixlib=rb-4.1.0&q=80&w=1080
Madhya Pradesh,Pachmarhi,Bee Falls,4.6,Morning,0.065,https://images.unsplash.com/photo-1439066615861-d1af74d74000?crop=entropy&cs=tinysrgb&fit=max&fm=jpg&ixid=M3w3OTA4MjB8MHwxfHNlYXJjaHwxfHx3YXRlcmZhbGx8ZW58MHx8fHwxNzU1MDA0NTkyfDA&ixlib=rb-4.1.0&q=80&w=1080
Madhya Pradesh,Kanha,Kanha National Park,4.5,Morning,0.1,https://images.unsplash.com/photo-1441974231531-c6227db76b6e?crop=entropy&cs=tinysrgb&fit=max&fm=jpg&ixid=M3w3OTA4MjB8MHwxfHNlYXJjaHwxfHxuYXRpb25hbCUyMHBhcmt8ZW58MHx8fHwxNzU1MDA0NTkyfDA&ixlib=rb-4.1.0&q=80&w=1080
Madhya Pradesh,Bandhavgarh,Bandhavgarh National Park,4.5,Morning,0.05,https://images.unsplash.com/photo-1441974231531-c6227db76b6e?crop=entropy&cs=tinysrgb&fit=max&fm=jpg&ixid=M3w3OTA4MjB8MHwxfHNlYXJjaHwxfHxuYXRpb25hbCUyMHBhcmt8ZW58MHx8fHwxNzU1MDA0NTkyfDA&ixlib=rb-4.1.0&q=80&w=1080
Madhya Pradesh,Orchha,Orchha Fort,4.8,Afternoon,0.1,https://images.unsplash.com/photo-1575994532957-773da2f83eb1?crop=entropy&cs=tinysrgb&fit=max&fm=jpg&ixid=M3w3OTA4MjB8MHwxfHNlYXJjaHwxfHxmb3J0fGVufDB8fHx8MTc1NTAwNDU5Mnww&ixlib=rb-4.1.0&q=80&w=1080
Madhya Pradesh,Mandu,Jahaz Mahal,3.9,Afternoon,0.03,https://images.unsplash.com/photo-1449824913935-59a10b8d2000?crop=entropy&cs=tinysrgb&fit=max&fm=jpg&ixid=M3w3OTA4MjB8MHwxfHNlYXJjaHwxfGNpdHl8ZW58MHx8fHwxNzU1MDA0NTkyfDA&ixlib=rb-4.1.0&q=80&w=1080
Madhya Pradesh,Bhimbetka,Bhimbetka Rock Shelters,4.6,Afternoon,0.07,https://images.unsplash.com/photo-1449824913935-59a10b8d2000?crop=entropy&cs=tinysrgb&fit=max&fm=jpg&ixid=M3w3OTA4MjB8MHwxfHNlYXJjaHwxfGNpdHl8ZW58MHx8fHwxNzU1MDA0NTkyfDA&ixlib=rb-4.1.0&q=80&w=1080
Madhya Pradesh,Amarkantak,Narmada Udgam Temple,4.4,All,0.01,https://images.unsplash.com/photo-1580060092298-e6ceef184946?crop=entropy&cs=tinysrgb&fit=max&fm=jpg&ixid=M3w3OTA4MjB8MHwxfHNlYXJjaHwxfHx0ZW1wbGV8ZW58MHx8fHwxNzU1MDA0NTkyfDA&ixlib=rb-4.1.0&q=80&w=1080
Madhya Pradesh,Chitrakoot,Chitrakoot Falls,4.4,Morning,0.1,https://images.unsplash.com/photo-1439066615861-d1af74d74000?crop=entropy&cs=tinysrgb&fit=max&fm=jpg&ixid=M3w3OTA4MjB8MHwxfHNlYXJjaHwxfHx3YXRlcmZhbGx8ZW58MHx8fHwxNzU1MDA0NTkyfDA&ixlib=rb-4.1.0&q=80&w=1080
Himachal Pradesh,Shimla,The Ridge,4.7,Morning,0.03,https://images.unsplash.com/photo-1449824913935-59a10b8d2000?crop=entropy&cs=tinysrgb&fit=max&fm=jpg&ixid=M3w3OTA4MjB8MHwxfHNlYXJjaHwxfGNpdHl8ZW58MHx8fHwxNzU1MDA0NTkyfDA&ixlib=rb-4.1.0&q=80&w=1080
Himachal Pradesh,Manali,Solang Valley,4.1,Morning,0.05,https://images.unsplash.com/photo-1506905925346-21bda4d32df4?crop=entropy&cs=tinysrgb&fit=max&fm=jpg&ixid=M3w3OTA4MjB8MHwxfHNlYXJjaHwxfG1vdW50YWlufGVufDB8fHx8MTc1NTAwNDU5Mnww&ixlib=rb-4.1.0&q=80&w=1080
Himachal Pradesh,dalhousie,Dalai Lama Temple,4.7,All,0.15,https://images.unsplash.com/photo-1580060092298-e6ceef184946?crop=entropy&cs=tinysrgb&fit=max&fm=jpg&ixid=M3w3OTA4MjB8MHwxfHNlYXJjaHwxfHx0ZW1wbGV8ZW58MHx8fHwxNzU1MDA0NTkyfDA&ixlib=rb-4.1.0&q=80&w=1080
Himachal Pradesh,Dalhousie,Khajjiar Lake,4.5,Morning,0.1,https://images.unsplash.com/photo-1506905925346-21bda4d32df4?crop=entropy&cs=tinysrgb&fit=max&fm=jpg&ixid=M3w3OTA4MjB8MHwxfHNlYXJjaHwxfHxsYWtlfGVufDB8fHx8MTc1NTAwNDU5Mnww&ixlib=rb-4.1.0&q=80&w=1080
Himachal Pradesh,Spiti Valley,Key Monastery,4.8,Morning,0.025,https://images.unsplash.com/photo-1449824913935-59a10b8d2000?crop=entropy&cs=tinysrgb&fit=max&fm=jpg&ixid=M3w3OTA4MjB8MHwxfHNlYXJjaHwxfGNpdHl8ZW58MHx8fHwxNzU1MDA0NTkyfDA&ixlib=rb-4.1.0&q=80&w=1080
Himachal Pradesh,Kullu,Great Himalayan National Park,4.5,All,0.2,https://images.unsplash.com/photo-1441974231531-c6227db76b6e?crop=entropy&cs=tinysrgb&fit=max&fm=jpg&ixid=M3w3OTA4MjB8MHwxfHNlYXJjaHwxfHxuYXRpb25hbCUyMHBhcmt8ZW58MHx8fHwxNzU1MDA0NTkyfDA&ixlib=rb-4.1.0&q=80&w=1080
Himachal Pradesh,Chamba,Chamera Lake,4.4,Morning,0.01,https://images.unsplash.com/photo-1506905925346-21bda4d32df4?crop=entropy&cs=tinysrgb&fit=max&fm=jpg&ixid=M3w3OTA4MjB8MHwxfHNlYXJjaHwxfHxsYWtlfGVufDB8fHx8MTc1NTAwNDU5Mnww&ixlib=rb-4.1.0&q=80&w=1080
Himachal Pradesh,Kinnaur,Sangla Valley,4.5,Morning,0.01,https://images.unsplash.com/photo-1506905925346-21bda4d32df4?crop=entropy&cs=tinysrgb&fit=max&fm=jpg&ixid=M3w3OTA4MjB8MHwxfHNlYXJjaHwxfG1vdW50YWlufGVufDB8fHx8MTc1NTAwNDU5Mnww&ixlib=rb-4.1.0&q=80&w=1080
Himachal Pradesh,Kangra,Kangra Fort,4.4,All,0.1,https://images.unsplash.com/photo-1575994532957-773da2f83eb1?crop=entropy&cs=tinysrgb&fit=max&fm=jpg&ixid=M3w3OTA4MjB8MHwxfHNlYXJjaHwxfHxmb3J0fGVufDB8fHx8MTc1NTAwNDU5Mnww&ixlib=rb-4.1.0&q=80&w=1080
Himachal Pradesh,Palampur,Tea Gardens,4.6,Morning,0.015,https://images.unsplash.com/photo-1585320806297-9794b3e4eeae?crop=entropy&cs=tinysrgb&fit=max&fm=jpg&ixid=M3w3OTA4MjB8MHwxfHNlYXJjaHwxfGdhcmRlbnxlbnwwfHx8fHwxNzU1MDA0NTkyfDA&ixlib=rb-4.1.0&q=80&w=1080
Himachal Pradesh,Mandi,Prashar Lake,4.6,Morning,0.01,https://images.unsplash.com/photo-1506905925346-21bda4d32df4?crop=entropy&cs=tinysrgb&fit=max&fm=jpg&ixid=M3w3OTA4MjB8MHwxfHNlYXJjaHwxfHxsYWtlfGVufDB8fHx8MTc1NTAwNDU5Mnww&ixlib=rb-4.1.0&q=80&w=1080
Himachal Pradesh,Bir Billing,Paragliding Site,4.8,All,0.01,https://images.unsplash.com/photo-1449824913935-59a10b8d2000?crop=entropy&cs=tinysrgb&fit=max&fm=jpg&ixid=M3w3OTA4MjB8MHwxfHNlYXJjaHwxfGNpdHl8ZW58MHx8fHwxNzU1MDA0NTkyfDA&ixlib=rb-4.1.0&q=80&w=1080
Himachal Pradesh,McLeod Ganj,Triund Trek,4.8,Morning,0.01,https://images.unsplash.com/photo-1449824913935-59a10b8d2000?crop=entropy&cs=tinysrgb&fit=max&fm=jpg&ixid=M3w3OTA4MjB8MHwxfHNlYXJjaHwxfGNpdHl8ZW58MHx8fHwxNzU1MDA0NTkyfDA&ixlib=rb-4.1.0&q=80&w=1080
Himachal Pradesh,Manikaran,Manikaran Sahib,4.6,Morning,1.3,https://images.unsplash.com/photo-1449824913935-59a10b8d2000?crop=entropy&cs=tinysrgb&fit=max&fm=jpg&ixid=M3w3OTA4MjB8MHwxfHNlYXJjaHwxfGNpdHl8ZW58MHx8fHwxNzU1MDA0NTkyfDA&ixlib=rb-4.1.0&q=80&w=1080
Himachal Pradesh,Narkanda,Hatu Peak,4.5,All,1.1,https://images.unsplash.com/photo-1506905925346-21bda4d32df4?crop=entropy&cs=tinysrgb&fit=max&fm=jpg&ixid=M3w3OTA4MjB8MHwxfHNlYXJjaHwxfG1vdW50YWlufGVufDB8fHx8MTc1NTAwNDU5Mnww&ixlib=rb-4.1.0&q=80&w=1080
Himachal Pradesh,Barot,Barot Valley,4.7,Morning,1.2,https://images.unsplash.com/photo-1506905925346-21bda4d32df4?crop=entropy&cs=tinysrgb&fit=max&fm=jpg&ixid=M3w3OTA4MjB8MHwxfHNlYXJjaHwxfG1vdW50YWlufGVufDB8fHx8MTc1NTAwNDU5Mnww&ixlib=rb-4.1.0&q=80&w=1080
Himachal Pradesh,Shoja,Serolsar Lake,4.4,Morning,0.9,https://images.unsplash.com/photo-1506905925346-21bda4d32df4?crop=entropy&cs=tinysrgb&fit=max&fm=jpg&ixid=M3w3OTA4MjB8MHwxfHNlYXJjaHwxfHxsYWtlfGVufDB8fHx8MTc1NTAwNDU5Mnww&ixlib=rb-4.1.0&q=80&w=1080
Himachal Pradesh,Kufri,Kufri Fun World,3.8,All,0.1,https://images.unsplash.com/photo-1449824913935-59a10b8d2000?crop=entropy&cs=tinysrgb&fit=max&fm=jpg&ixid=M3w3OTA4MjB8MHwxfHNlYXJjaHwxfGNpdHl8ZW58MHx8fHwxNzU1MDA0NTkyfDA&ixlib=rb-4.1.0&q=80&w=1080
Uttarakhand,Nainital,Naini Lake,4.2,Morning,0.01,https://images.unsplash.com/photo-1506905925346-21bda4d32df4?crop=entropy&cs=tinysrgb&fit=max&fm=jpg&ixid=M3w3OTA4MjB8MHwxfHNlYXJjaHwxfHxsYWtlfGVufDB8fHx8MTc1NTAwNDU5Mnww&ixlib=rb-4.1.0&q=80&w=1080
Uttarakhand,Rishikesh,Laxman Jhula,4.4,Morning,0.03,https://images.unsplash.com/photo-1449824913935-59a10b8d2000?crop=entropy&cs=tinysrgb&fit=max&fm=jpg&ixid=M3w3OTA4MjB8MHwxfHNlYXJjaHwxfGNpdHl8ZW58MHx8fHwxNzU1MDA0NTkyfDA&ixlib=rb-4.1.0&q=80&w=1080
Uttarakhand,Haridwar,Har Ki Pauri,4.5,All,0.025,https://images.unsplash.com/photo-1449824913935-59a10b8d2000?crop=entropy&cs=tinysrgb&fit=max&fm=jpg&ixid=M3w3OTA4MjB8MHwxfHNlYXJjaHwxfGNpdHl8ZW58MHx8fHwxNzU1MDA0NTkyfDA&ixlib=rb-4.1.0&q=80&w=1080
Uttarakhand,Dehradun,Robber's Cave,4.5,Morning,0.01,https://images.unsplash.com/photo-1684837681040-bf2a1653de60?crop=entropy&cs=tinysrgb&fit=max&fm=jpg&ixid=M3w3OTA4MjB8MHwxfHNlYXJjaHwxfGNhdmV8ZW58MHx8fHwxNzU1MDA0NTkyfDA&ixlib=rb-4.1.0&q=80&w=1080
Uttarakhand,Mussoorie,Kempty Falls,4.2,Morning,0.55,https://images.unsplash.com/photo-1439066615861-d1af74d74000?crop=entropy&cs=tinysrgb&fit=max&fm=jpg&ixid=M3w3OTA4MjB8MHwxfHNlYXJjaHwxfHx3YXRlcmZhbGx8ZW58MHx8fHwxNzU1MDA0NTkyfDA&ixlib=rb-4.1.0&q=80&w=1080
Uttarakhand,Auli,Auli Ski Resort,4.5,Morning,0.01,https://images.unsplash.com/photo-1449824913935-59a10b8d2000?crop=entropy&cs=tinysrgb&fit=max&fm=jpg&ixid=M3w3OTA4MjB8MHwxfHNlYXJjaHwxfGNpdHl8ZW58MHx8fHwxNzU1MDA0NTkyfDA&ixlib=rb-4.1.0&q=80&w=1080
Uttarakhand,Badrinath,Badrinath Temple,4.8,All,0.29,https://images.unsplash.com/photo-1580060092298-e6ceef184946?crop=entropy&cs=tinysrgb&fit=max&fm=jpg&ixid=M3w3OTA4MjB8MHwxfHNlYXJjaHwxfHx0ZW1wbGV8ZW58MHx8fHwxNzU1MDA0NTkyfDA&ixlib=rb-4.1.0&q=80&w=1080
Uttarakhand,Almora,Binsar Wildlife Sanctuary,4.3,All,0.01,https://images.unsplash.com/photo-1441974231531-c6227db76b6e?crop=entropy&cs=tinysrgb&fit=max&fm=jpg&ixid=M3w3OTA4MjB8MHwxfHNlYXJjaHwxfHxuYXRpb25hbCUyMHBhcmt8ZW58MHx8fHwxNzU1MDA0NTkyfDA&ixlib=rb-4.1.0&q=80&w=1080
Uttarakhand,Ranikhet,Chaubatia Gardens,4.0,All,0.025,https://images.unsplash.com/photo-1585320806297-9794b3e4eeae?crop=entropy&cs=tinysrgb&fit=max&fm=jpg&ixid=M3w3OTA4MjB8MHwxfHNlYXJjaHwxfGdhcmRlbnxlbnwwfHx8fHwxNzU1MDA0NTkyfDA&ixlib=rb-4.1.0&q=80&w=1080
Uttarakhand,Jim Corbett,Jim Corbett National Park,4.4,All,0.3,https://images.unsplash.com/photo-1441974231531-c6227db76b6e?crop=entropy&cs=tinysrgb&fit=max&fm=jpg&ixid=M3w3OTA4MjB8MHwxfHNlYXJjaHwxfHxuYXRpb25hbCUyMHBhcmt8ZW58MHx8fHwxNzU1MDA0NTkyfDA&ixlib=rb-4.1.0&q=80&w=1080
Uttarakhand,Uttarkashi,Gangotri Temple,4.8,All,0.05,https://images.unsplash.com/photo-1580060092298-e6ceef184946?crop=entropy&cs=tinysrgb&fit=max&fm=jpg&ixid=M3w3OTA4MjB8MHwxfHNlYXJjaHwxfHx0ZW1wbGV8ZW58MHx8fHwxNzU1MDA0NTkyfDA&ixlib=rb-4.1.0&q=80&w=1080
Uttarakhand,Chopta,Tungnath Temple,4.8,All,0.09,https://images.unsplash.com/photo-1580060092298-e6ceef184946?crop=entropy&cs=tinysrgb&fit=max&fm=jpg&ixid=M3w3OTA4MjB8MHwxfHNlYXJjaHwxfHx0ZW1wbGV8ZW58MHx8fHwxNzU1MDA0NTkyfDA&ixlib=rb-4.1.0&q=80&w=1080
Uttarakhand,Joshimath,Valley of Flowers,4.7,Morning,0.035,https://images.unsplash.com/photo-1506905925346-21bda4d32df4?crop=entropy&cs=tinysrgb&fit=max&fm=jpg&ixid=M3w3OTA4MjB8MHwxfHNlYXJjaHwxfG1vdW50YWlufGVufDB8fHx8MTc1NTAwNDU5Mnww&ixlib=rb-4.1.0&q=80&w=1080
Uttar Pradesh,Agra,Taj Mahal,4.6,Morning,2.25,https://images.unsplash.com/photo-1449824913935-59a10b8d2000?crop=entropy&cs=tinysrgb&fit=max&fm=jpg&ixid=M3w3OTA4MjB8MHwxfHNlYXJjaHwxfGNpdHl8ZW58MHx8fHwxNzU1MDA0NTkyfDA&ixlib=rb-4.1.0&q=80&w=1080
Uttar Pradesh,Varanasi,Kashi Vishwanath Temple,4.7,All,0.9,https://images.unsplash.com/photo-1580060092298-e6ceef184946?crop=entropy&cs=tinysrgb&fit=max&fm=jpg&ixid=M3w3OTA4MjB8MHwxfHNlYXJjaHwxfHx0ZW1wbGV8ZW58MHx8fHwxNzU1MDA0NTkyfDA&ixlib=rb-4.1.0&q=80&w=1080
Uttar Pradesh,Lucknow,Bara Imambara,4.4,All,0.45,https://images.unsplash.com/photo-1449824913935-59a10b8d2000?crop=entropy&cs=tinysrgb&fit=max&fm=jpg&ixid=M3w3OTA4MjB8MHwxfHNlYXJjaHwxfGNpdHl8ZW58MHx8fHwxNzU1MDA0NTkyfDA&ixlib=rb-4.1.0&q=80&w=1080
Uttar Pradesh,Mathura,Krishna Janmabhoomi,4.7,All,0.13,https://images.unsplash.com/photo-1449824913935-59a10b8d2000?crop=entropy&cs=tinysrgb&fit=max&fm=jpg&ixid=M3w3OTA4MjB8MHwxfHNlYXJjaHwxfGNpdHl8ZW58MHx8fHwxNzU1MDA0NTkyfDA&ixlib=rb-4.1.0&q=80&w=1080
Uttar Pradesh,Ayodhya,Ram Janmabhoomi,4.8,All,0.025,https://images.unsplash.com/photo-1449824913935-59a10b8d2000?crop=entropy&cs=tinysrgb&fit=max&fm=jpg&ixid=M3w3OTA4MjB8MHwxfHNlYXJjaHwxfGNpdHl8ZW58MHx8fHwxNzU1MDA0NTkyfDA&ixlib=rb-4.1.0&q=80&w=1080
Uttar Pradesh,Vrindavan,Banke Bihari Temple,4.8,All,0.37,https://images.unsplash.com/photo-1580060092298-e6ceef184946?crop=entropy&cs=tinysrgb&fit=max&fm=jpg&ixid=M3w3OTA4MjB8MHwxfHNlYXJjaHwxfHx0ZW1wbGV8ZW58MHx8fHwxNzU1MDA0NTkyfDA&ixlib=rb-4.1.0&q=80&w=1080
Uttar Pradesh,Allahabad,Triveni Sangam,4.5,Morning,0.09,https://images.unsplash.com/photo-1449824913935-59a10b8d2000?crop=entropy&cs=tinysrgb&fit=max&fm=jpg&ixid=M3w3OTA4MjB8MHwxfHNlYXJjaHwxfGNpdHl8ZW58MHx8fHwxNzU1MDA0NTkyfDA&ixlib=rb-4.1.0&q=80&w=1080
Uttar Pradesh,Jhansi,Jhansi Fort,4.4,All,0.25,https://images.unsplash.com/photo-1575994532957-773da2f83eb1?crop=entropy&cs=tinysrgb&fit=max&fm=jpg&ixid=M3w3OTA4MjB8MHwxfHNlYXJjaHwxfHxmb3J0fGVufDB8fHx8MTc1NTAwNDU5Mnww&ixlib=rb-4.1.0&q=80&w=1080
Uttar Pradesh,Sarnath,Dhamek Stupa,4.6,All,0.065,https://images.unsplash.com/photo-1449824913935-59a10b8d2000?crop=entropy&cs=tinysrgb&fit=max&fm=jpg&ixid=M3w3OTA4MjB8MHwxfHNlYXJjaHwxfGNpdHl8ZW58MHx8fHwxNzU1MDA0NTkyfDA&ixlib=rb-4.1.0&q=80&w=1080
Uttar Pradesh,Fatehpur Sikri,Buland Darwaza,4.4,Afternoon,0.07,https://images.unsplash.com/photo-1449824913935-59a10b8d2000?crop=entropy&cs=tinysrgb&fit=max&fm=jpg&ixid=M3w3OTA4MjB8MHwxfHNlYXJjaHwxfGNpdHl8ZW58MHx8fHwxNzU1MDA0NTkyfDA&ixlib=rb-4.1.0&q=80&w=1080
Uttar Pradesh,Noida,Okhla Bird Sanctuary,4.3,All,0.035,https://images.unsplash.com/photo-1441974231531-c6227db76b6e?crop=entropy&cs=tinysrgb&fit=max&fm=jpg&ixid=M3w3OTA4MjB8MHwxfHNlYXJjaHwxfHxuYXRpb25hbCUyMHBhcmt8ZW58MHx8fHwxNzU1MDA0NTkyfDA&ixlib=rb-4.1.0&q=80&w=1080
Uttar Pradesh,Aligarh,Aligarh Fort,4.1,Afternoon,0.0165,https://images.unsplash.com/photo-1575994532957-773da2f83eb1?crop=entropy&cs=tinysrgb&fit=max&fm=jpg&ixid=M3w3OTA4MjB8MHwxfHNlYXJjaHwxfHxmb3J0fGVufDB8fHx8MTc1NTAwNDU5Mnww&ixlib=rb-4.1.0&q=80&w=1080
Uttar Pradesh,Meerut,Augarnath Temple,4.8,All,0.045,https://images.unsplash.com/photo-1580060092298-e6ceef184946?crop=entropy&cs=tinysrgb&fit=max&fm=jpg&ixid=M3w3OTA4MjB8MHwxfHNlYXJjaHwxfHx0ZW1wbGV8ZW58MHx8fHwxNzU1MDA0NTkyfDA&ixlib=rb-4.1.0&q=80&w=1080
Uttar Pradesh,Kanpur,Allen Forest Zoo,4.2,All,0.21,https://images.unsplash.com/photo-1672092850905-5133bbbedde5?crop=entropy&cs=tinysrgb&fit=max&fm=jpg&ixid=M3w3OTA4MjB8MHwxfHNlYXJjaHwxfHpvb3xlbnwwfHx8fDE3NTUwMDQ1OTJ8MA&ixlib=rb-4.1.0&q=80&w=1080
Jammu and Kashmir,Srinagar,Dal Lake,4.6,Morning,0.15,https://images.unsplash.com/photo-1506905925346-21bda4d32df4?crop=entropy&cs=tinysrgb&fit=max&fm=jpg&ixid=M3w3OTA4MjB8MHwxfHNlYXJjaHwxfHxsYWtlfGVufDB8fHx8MTc1NTAwNDU5Mnww&ixlib=rb-4.1.0&q=80&w=1080
Ladakh,Leh,Pangong Tso,4.9,Morning,0.15,https://images.unsplash.com/photo-1449824913935-59a10b8d2000?crop=entropy&cs=tinysrgb&fit=max&fm=jpg&ixid=M3w3OTA4MjB8MHwxfHNlYXJjaHwxfGNpdHl8ZW58MHx8fHwxNzU1MDA0NTkyfDA&ixlib=rb-4.1.0&q=80&w=1080
Jammu and Kashmir,Pahalgam,Betaab Valley,4.6,All,0.11,https://images.unsplash.com/photo-1506905925346-21bda4d32df4?crop=entropy&cs=tinysrgb&fit=max&fm=jpg&ixid=M3w3OTA4MjB8MHwxfHNlYXJjaHwxfG1vdW50YWlufGVufDB8fHx8MTc1NTAwNDU5Mnww&ixlib=rb-4.1.0&q=80&w=1080
Jammu and Kashmir,Jammu,Vaishno Devi,4.7,All,0.55,https://images.unsplash.com/photo-1449824913935-59a10b8d2000?crop=entropy&cs=tinysrgb&fit=max&fm=jpg&ixid=M3w3OTA4MjB8MHwxfHNlYXJjaHwxfGNpdHl8ZW58MHx8fHwxNzU1MDA0NTkyfDA&ixlib=rb-4.1.0&q=80&w=1080
Jammu and Kashmir,Udhampur,Patnitop Height,4.1,All,0.01,https://images.unsplash.com/photo-1449824913935-59a10b8d2000?crop=entropy&cs=tinysrgb&fit=max&fm=jpg&ixid=M3w3OTA4MjB8MHwxfHNlYXJjaHwxfGNpdHl8ZW58MHx8fHwxNzU1MDA0NTkyfDA&ixlib=rb-4.1.0&q=80&w=1080
Jammu and Kashmir,Anantnag,Amarnath Cave,4.5,All,0.11,https://images.unsplash.com/photo-1684837681040-bf2a1653de60?crop=entropy&cs=tinysrgb&fit=max&fm=jpg&ixid=M3w3OTA4MjB8MHwxfHNlYXJjaHwxfGNhdmV8ZW58MHx8fHwxNzU1MDA0NTkyfDA&ixlib=rb-4.1.0&q=80&w=1080
Ladakh,Leh,Thiksey Monastery,4.7,All,0.05,https://images.unsplash.com/photo-1449824913935-59a10b8d2000?crop=entropy&cs=tinysrgb&fit=max&fm=jpg&ixid=M3w3OTA4MjB8MHwxfHNlYXJjaHwxfGNpdHl8ZW58MHx8fHwxNzU1MDA0NTkyfDA&ixlib=rb-4.1.0&q=80&w=1080
Ladakh,Nubra Valley,Nubra Valley,4.5,All,0.1,https://images.unsplash.com/photo-1506905925346-21bda4d32df4?crop=entropy&cs=tinysrgb&fit=max&fm=jpg&ixid=M3w3OTA4MjB8MHwxfHNlYXJjaHwxfG1vdW50YWlufGVufDB8fHx8MTc1NTAwNDU5Mnww&ixlib=rb-4.1.0&q=80&w=1080
Ladakh,Kargil,Kargil War Memorial,4.8,All,0.011,https://images.unsplash.com/photo-1449824913935-59a10b8d2000?crop=entropy&cs=tinysrgb&fit=max&fm=jpg&ixid=M3w3OTA4MjB8MHwxfHNlYXJjaHwxfGNpdHl8ZW58MHx8fHwxNzU1MDA0NTkyfDA&ixlib=rb-4.1.0&q=80&w=1080
Ladakh,Diskit,Diskit Monastery,4.7,Morning,0.015,https://images.unsplash.com/photo-1449824913935-59a10b8d2000?crop=entropy&cs=tinysrgb&fit=max&fm=jpg&ixid=M3w3OTA4MjB8MHwxfHNlYXJjaHwxfGNpdHl8ZW58MHx8fHwxNzU1MDA0NTkyfDA&ixlib=rb-4.1.0&q=80&w=1080
Jammu and Kashmir,Kishtwar,Kishtwar National Park,4.3,All,0.01,https://images.unsplash.com/photo-1441974231531-c6227db76b6e?crop=entropy&cs=tinysrgb&fit=max&fm=jpg&ixid=M3w3OTA4MjB8MHwxfHNlYXJjaHwxfHxuYXRpb25hbCUyMHBhcmt8ZW58MHx8fHwxNzU1MDA0NTkyfDA&ixlib=rb-4.1.0&q=80&w=1080
Ladakh,Hemis,Hemis National Park,4.4,All,0.02,https://images.unsplash.com/photo-1441974231531-c6227db76b6e?crop=entropy&cs=tinysrgb&fit=max&fm=jpg&ixid=M3w3OTA4MjB8MHwxfHNlYXJjaHwxfHxuYXRpb25hbCUyMHBhcmt8ZW58MHx8fHwxNzU1MDA0NTkyfDA&ixlib=rb-4.1.0&q=80&w=1080
Ladakh,Dras,Dras War Memorial,4.8,All,0.012,https://images.unsplash.com/photo-1449824913935-59a10b8d2000?crop=entropy&cs=tinysrgb&fit=max&fm=jpg&ixid=M3w3OTA4MjB8MHwxfHNlYXJjaHwxfGNpdHl8ZW58MHx8fHwxNzU1MDA0NTkyfDA&ixlib=rb-4.1.0&q=80&w=1080
Ladakh,Leh,Magnetic Hill,3.7,All,0.1,https://images.unsplash.com/photo-1506905925346-21bda4d32df4?crop=entropy&cs=tinysrgb&fit=max&fm=jpg&ixid=M3w3OTA4MjB8MHwxfHNlYXJjaHwxfG1vdW50YWlufGVufDB8fHx8MTc1NTAwNDU5Mnww&ixlib=rb-4.1.0&q=80&w=1080
Ladakh,Leh,Khardung La Pass,4.5,Afternoon,0.05,https://images.unsplash.com/photo-1449824913935-59a10b8d2000?crop=entropy&cs=tinysrgb&fit=max&fm=jpg&ixid=M3w3OTA4MjB8MHwxfHNlYXJjaHwxfGNpdHl8ZW58MHx8fHwxNzU1MDA0NTkyfDA&ixlib=rb-4.1.0&q=80&w=1080
Uttar Pradesh,Vrindavan,Prem Mandir,4.8,Evening,0.49,https://images.unsplash.com/photo-1580060092298-e6ceef184946?crop=entropy&cs=tinysrgb&fit=max&fm=jpg&ixid=M3w3OTA4MjB8MHwxfHNlYXJjaHwxfHx0ZW1wbGV8ZW58MHx8fHwxNzU1MDA0NTkyfDA&ixlib=rb-4.1.0&q=80&w=1080
Uttar Pradesh,Porbandar,Kirti Mandir,4.8,Morning,0.03,https://images.unsplash.com/photo-1580060092298-e6ceef184946?crop=entropy&cs=tinysrgb&fit=max&fm=jpg&ixid=M3w3OTA4MjB8MHwxfHNlYXJjaHwxfHx0ZW1wbGV8ZW58MHx8fHwxNzU1MDA0NTkyfDA&ixlib=rb-4.1.0&q=80&w=1080
Uttar Pradesh,Mathura,Nand Gaon,4.1,Morning,0.01,https://images.unsplash.com/photo-1449824913935-59a10b8d2000?crop=entropy&cs=tinysrgb&fit=max&fm=jpg&ixid=M3w3OTA4MjB8MHwxfHNlYXJjaHwxfGNpdHl8ZW58MHx8fHwxNzU1MDA0NTkyfDA&ixlib=rb-4.1.0&q=80&w=1080
Uttar Pradesh,Mathura,Barsana Mandir,4.8,Morning,0.1,https://images.unsplash.com/photo-1580060092298-e6ceef184946?crop=entropy&cs=tinysrgb&fit=max&fm=jpg&ixid=M3w3OTA4MjB8MHwxfHNlYXJjaHwxfHx0ZW1wbGV8ZW58MHx8fHwxNzU1MDA0NTkyfDA&ixlib=rb-4.1.0&q=80&w=1080
West Bengal,Darjeeling,Tiger Hill,4.5,All,0.025,https://images.unsplash.com/photo-1506905925346-21bda4d32df4?crop=entropy&cs=tinysrgb&fit=max&fm=jpg&ixid=M3w3OTA4MjB8MHwxfHNlYXJjaHwxfG1vdW50YWlufGVufDB8fHx8MTc1NTAwNDU5Mnww&ixlib=rb-4.1.0&q=80&w=1080
West Bengal,Siliguri,Jaldapara National Park,4.4,All,0.035,https://images.unsplash.com/photo-1441974231531-c6227db76b6e?crop=entropy&cs=tinysrgb&fit=max&fm=jpg&ixid=M3w3OTA4MjB8MHwxfHNlYXJjaHwxfHxuYXRpb25hbCUyMHBhcmt8ZW58MHx8fHwxNzU1MDA0NTkyfDA&ixlib=rb-4.1.0&q=80&w=1080
West Bengal,Sundarbans,Sundarbans National Park,4.4,All,0.065,https://images.unsplash.com/photo-1441974231531-c6227db76b6e?crop=entropy&cs=tinysrgb&fit=max&fm=jpg&ixid=M3w3OTA4MjB8MHwxfHNlYXJjaHwxfHxuYXRpb25hbCUyMHBhcmt8ZW58MHx8fHwxNzU1MDA0NTkyfDA&ixlib=rb-4.1.0&q=80&w=1080
West Bengal,Digha,Digha Beach,4.5,Morning,0.09,https://images.unsplash.com/photo-1507525428034-b723cf961d3e?crop=entropy&cs=tinysrgb&fit=max&fm=jpg&ixid=M3w3OTA4MjB8MHwxfHNlYXJjaHwxfHxiZWFjaHxlbnwwfHx8fDE3NTUwMDQ1OTJ8MA&ixlib=rb-4.1.0&q=80&w=1080
West Bengal,Murshidabad,Hazarduari Palace,4.5,Morning,0.18,https://images.unsplash.com/photo-1575994532957-773da2f83eb1?crop=entropy&cs=tinysrgb&fit=max&fm=jpg&ixid=M3w3OTA4MjB8MHwxfHNlYXJjaHwxfHxmb3J0fGVufDB8fHx8MTc1NTAwNDU5Mnww&ixlib=rb-4.1.0&q=80&w=1080
West Bengal,Bolpur,Kankalitala Temple,4.7,All,0.045,https://images.unsplash.com/photo-1580060092298-e6ceef184946?crop=entropy&cs=tinysrgb&fit=max&fm=jpg&ixid=M3w3OTA4MjB8MHwxfHNlYXJjaHwxfHx0ZW1wbGV8ZW58MHx8fHwxNzU1MDA0NTkyfDA&ixlib=rb-4.1.0&q=80&w=1080
West Bengal,Hooghly,Hangseswari Temple,4.6,All,0.07,https://images.unsplash.com/photo-1580060092298-e6ceef184946?crop=entropy&cs=tinysrgb&fit=max&fm=jpg&ixid=M3w3OTA4MjB8MHwxfHNlYXJjaHwxfHx0ZW1wbGV8ZW58MHx8fHwxNzU1MDA0NTkyfDA&ixlib=rb-4.1.0&q=80&w=1080
West Bengal,Jalpaiguri,Gorumara National Park,4.4,All,0.07,https://images.unsplash.com/photo-1441974231531-c6227db76b6e?crop=entropy&cs=tinysrgb&fit=max&fm=jpg&ixid=M3w3OTA4MjB8MHwxfHNlYXJjaHwxfHxuYXRpb25hbCUyMHBhcmt8ZW58MHx8fHwxNzU1MDA0NTkyfDA&ixlib=rb-4.1.0&q=80&w=1080
West Bengal,Cooch Behar,Cooch Behar Palace,4.5,All,0.09,https://images.unsplash.com/photo-1575994532957-773da2f83eb1?crop=entropy&cs=tinysrgb&fit=max&fm=jpg&ixid=M3w3OTA4MjB8MHwxfHNlYXJjaHwxfHxmb3J0fGVufDB8fHx8MTc1NTAwNDU5Mnww&ixlib=rb-4.1.0&q=80&w=1080
West Bengal,Purulia,Ayodhya Hills,4.5,All,0.15,https://images.unsplash.com/photo-1506905925346-21bda4d32df4?crop=entropy&cs=tinysrgb&fit=max&fm=jpg&ixid=M3w3OTA4MjB8MHwxfHNlYXJjaHwxfG1vdW50YWlufGVufDB8fHx8MTc1NTAwNDU5Mnww&ixlib=rb-4.1.0&q=80&w=1080
Odisha,Puri,Jagannath Temple,4.7,All,1.0,https://images.unsplash.com/photo-1580060092298-e6ceef184946?crop=entropy&cs=tinysrgb&fit=max&fm=jpg&ixid=M3w3OTA4MjB8MHwxfHNlYXJjaHwxfHx0ZW1wbGV8ZW58MHx8fHwxNzU1MDA0NTkyfDA&ixlib=rb-4.1.0&q=80&w=1080
Odisha,Konark,Sun Temple,4.7,All,0.83,https://images.unsplash.com/photo-1580060092298-e6ceef184946?crop=entropy&cs=tinysrgb&fit=max&fm=jpg&ixid=M3w3OTA4MjB8MHwxfHNlYXJjaHwxfHx0ZW1wbGV8ZW58MHx8fHwxNzU1MDA0NTkyfDA&ixlib=rb-4.1.0&q=80&w=1080
Odisha,Bhubaneswar,Lingaraj Temple,4.6,All,0.35,https://images.unsplash.com/photo-1580060092298-e6ceef184946?crop=entropy&cs=tinysrgb&fit=max&fm=jpg&ixid=M3w3OTA4MjB8MHwxfHNlYXJjaHwxfHx0ZW1wbGV8ZW58MHx8fHwxNzU1MDA0NTkyfDA&ixlib=rb-4.1.0&q=80&w=1080
Odisha,Rourkela,Khandadhar Waterfall,4.5,All,1.2,https://images.unsplash.com/photo-1439066615861-d1af74d74000?crop=entropy&cs=tinysrgb&fit=max&fm=jpg&ixid=M3w3OTA4MjB8MHwxfHNlYXJjaHwxfHx3YXRlcmZhbGx8ZW58MHx8fHwxNzU1MDA0NTkyfDA&ixlib=rb-4.1.0&q=80&w=1080
Odisha,Cuttack,Barabati Fort,4.5,All,0.13,https://images.unsplash.com/photo-1575994532957-773da2f83eb1?crop=entropy&cs=tinysrgb&fit=max&fm=jpg&ixid=M3w3OTA4MjB8MHwxfHNlYXJjaHwxfHxmb3J0fGVufDB8fHx8MTc1NTAwNDU5Mnww&ixlib=rb-4.1.0&q=80&w=1080
Odisha,Sambalpur,Hirakud Dam,4.5,All,0.01,https://images.unsplash.com/photo-1449824913935-59a10b8d2000?crop=entropy&cs=tinysrgb&fit=max&fm=jpg&ixid=M3w3OTA4MjB8MHwxfHNlYXJjaHwxfGNpdHl8ZW58MHx8fHwxNzU1MDA0NTkyfDA&ixlib=rb-4.1.0&q=80&w=1080
Odisha,Chilika,Chilika Lake,3.9,Morning,0.1,https://images.unsplash.com/photo-1506905925346-21bda4d32df4?crop=entropy&cs=tinysrgb&fit=max&fm=jpg&ixid=M3w3OTA4MjB8MHwxfHNlYXJjaHwxfHxsYWtlfGVufDB8fHx8MTc1NTAwNDU5Mnww&ixlib=rb-4.1.0&q=80&w=1080
Odisha,Berhampur,Tara Tarini Temple,4.6,All,0.01,https://images.unsplash.com/photo-1580060092298-e6ceef184946?crop=entropy&cs=tinysrgb&fit=max&fm=jpg&ixid=M3w3OTA4MjB8MHwxfHNlYXJjaHwxfHx0ZW1wbGV8ZW58MHx8fHwxNzU1MDA0NTkyfDA&ixlib=rb-4.1.0&q=80&w=1080
Odisha,Keonjhar,Badaghagara Waterfall,4.3,Morning,0.018,https://images.unsplash.com/photo-1439066615861-d1af74d74000?crop=entropy&cs=tinysrgb&fit=max&fm=jpg&ixid=M3w3OTA4MjB8MHwxfHNlYXJjaHwxfHx3YXRlcmZhbGx8ZW58MHx8fHwxNzU1MDA0NTkyfDA&ixlib=rb-4.1.0&q=80&w=1080
Odisha,Balasore,Chandipur Beach,4.2,Morning,0.014,https://images.unsplash.com/photo-1507525428034-b723cf961d3e?crop=entropy&cs=tinysrgb&fit=max&fm=jpg&ixid=M3w3OTA4MjB8MHwxfHNlYXJjaHwxfHxiZWFjaHxlbnwwfHx8fDE3NTUwMDQ1OTJ8MA&ixlib=rb-4.1.0&q=80&w=1080
Odisha,Kendujhar,Sanaghagara Waterfall,4.4,All,0.055,https://images.unsplash.com/photo-1439066615861-d1af74d74000?crop=entropy&cs=tinysrgb&fit=max&fm=jpg&ixid=M3w3OTA4MjB8MHwxfHNlYXJjaHwxfHx3YXRlcmZhbGx8ZW58MHx8fHwxNzU1MDA0NTkyfDA&ixlib=rb-4.1.0&q=80&w=1080
Tamil Nadu,Chennai,Marina Beach,3.9,Morning,0.1,https://images.unsplash.com/photo-1507525428034-b723cf961d3e?crop=entropy&cs=tinysrgb&fit=max&fm=jpg&ixid=M3w3OTA4MjB8MHwxfHNlYXJjaHwxfHxiZWFjaHxlbnwwfHx8fDE3NTUwMDQ1OTJ8MA&ixlib=rb-4.1.0&q=80&w=1080
Tamil Nadu,Madurai,Meenakshi Amman Temple,4.7,All,0.65,https://images.unsplash.com/photo-1580060092298-e6ceef184946?crop=entropy&cs=tinysrgb&fit=max&fm=jpg&ixid=M3w3OTA4MjB8MHwxfHNlYXJjaHwxfHx0ZW1wbGV8ZW58MHx8fHwxNzU1MDA0NTkyfDA&ixlib=rb-4.1.0&q=80&w=1080
Tamil Nadu,Rameswaram,Ramanathaswamy Temple,4.6,All,0.01,https://images.unsplash.com/photo-1580060092298-e6ceef184946?crop=entropy&cs=tinysrgb&fit=max&fm=jpg&ixid=M3w3OTA4MjB8MHwxfHNlYXJjaHwxfHx0ZW1wbGV8ZW58MHx8fHwxNzU1MDA0NTkyfDA&ixlib=rb-4.1.0&q=80&w=1080
Tamil Nadu,Kanyakumari,Vivekananda Rock Memorial,4.6,Morning,0.47,https://images.unsplash.com/photo-1449824913935-59a10b8d2000?crop=entropy&cs=tinysrgb&fit=max&fm=jpg&ixid=M3w3OTA4MjB8MHwxfHNlYXJjaHwxfGNpdHl8ZW58MHx8fHwxNzU1MDA0NTkyfDA&ixlib=rb-4.1.0&q=80&w=1080
Tamil Nadu,Ooty,Ooty Lake,4.1,Morning,0.61,https://images.unsplash.com/photo-1506905925346-21bda4d32df4?crop=entropy&cs=tinysrgb&fit=max&fm=jpg&ixid=M3w3OTA4MjB8MHwxfHNlYXJjaHwxfHxsYWtlfGVufDB8fHx8MTc1NTAwNDU5Mnww&ixlib=rb-4.1.0&q=80&w=1080
Tamil Nadu,Coimbatore,Marudamalai Temple,4.7,All,0.3,https://images.unsplash.com/photo-1580060092298-e6ceef184946?crop=entropy&cs=tinysrgb&fit=max&fm=jpg&ixid=M3w3OTA4MjB8MHwxfHNlYXJjaHwxfHx0ZW1wbGV8ZW58MHx8fHwxNzU1MDA0NTkyfDA&ixlib=rb-4.1.0&q=80&w=1080
Tamil Nadu,Kodaikanal,Kodaikanal Lake,3.9,Morning,0.1,https://images.unsplash.com/photo-1506905925346-21bda4d32df4?crop=entropy&cs=tinysrgb&fit=max&fm=jpg&ixid=M3w3OTA4MjB8MHwxfHNlYXJjaHwxfHxsYWtlfGVufDB8fHx8MTc1NTAwNDU5Mnww&ixlib=rb-4.1.0&q=80&w=1080
Tamil Nadu,Thanjavur,Brihadeeswarar Temple,4.8,All,0.35,https://images.unsplash.com/photo-1580060092298-e6ceef184946?crop=entropy&cs=tinysrgb&fit=max&fm=jpg&ixid=M3w3OTA4MjB8MHwxfHNlYXJjaHwxfHx0ZW1wbGV8ZW58MHx8fHwxNzU1MDA0NTkyfDA&ixlib=rb-4.1.0&q=80&w=1080
Tamil Nadu,Mahabalipuram,Shore Temple,4.6,All,0.09,https://images.unsplash.com/photo-1580060092298-e6ceef184946?crop=entropy&cs=tinysrgb&fit=max&fm=jpg&ixid=M3w3OTA4MjB8MHwxfHNlYXJjaHwxfHx0ZW1wbGV8ZW58MHx8fHwxNzU1MDA0NTkyfDA&ixlib=rb-4.1.0&q=80&w=1080
Tamil Nadu,Yercaud,Yercaud Lake,4.2,Morning,0.019,https://images.unsplash.com/photo-1506905925346-21bda4d32df4?crop=entropy&cs=tinysrgb&fit=max&fm=jpg&ixid=M3w3OTA4MjB8MHwxfHNlYXJjaHwxfHxsYWtlfGVufDB8fHx8MTc1NTAwNDU5Mnww&ixlib=rb-4.1.0&q=80&w=1080
Tamil Nadu,Tirunelveli,Nellaiappar Temple,4.6,All,0.16,https://images.unsplash.com/photo-1580060092298-e6ceef184946?crop=entropy&cs=tinysrgb&fit=max&fm=jpg&ixid=M3w3OTA4MjB8MHwxfHNlYXJjaHwxfHx0ZW1wbGV8ZW58MHx8fHwxNzU1MDA0NTkyfDA&ixlib=rb-4.1.0&q=80&w=1080
Tamil Nadu,Chidambaram,Nataraja Temple,4.7,All,0.28,https://images.unsplash.com/photo-1580060092298-e6ceef184946?crop=entropy&cs=tinysrgb&fit=max&fm=jpg&ixid=M3w3OTA4MjB8MHwxfHNlYXJjaHwxfHx0ZW1wbGV8ZW58MHx8fHwxNzU1MDA0NTkyfDA&ixlib=rb-4.1.0&q=80&w=1080
Andhra Pradesh,Vijayawada,Kanaka Durga Temple,4.7,All,0.44,https://images.unsplash.com/photo-1580060092298-e6ceef184946?crop=entropy&cs=tinysrgb&fit=max&fm=jpg&ixid=M3w3OTA4MjB8MHwxfHNlYXJjaHwxfHx0ZW1wbGV8ZW58MHx8fHwxNzU1MDA0NTkyfDA&ixlib=rb-4.1.0&q=80&w=1080
Andhra Pradesh,Visakhapatnam,Rishikonda Beach,4.5,Morning,0.39,https://images.unsplash.com/photo-1507525428034-b723cf961d3e?crop=entropy&cs=tinysrgb&fit=max&fm=jpg&ixid=M3w3OTA4MjB8MHwxfHNlYXJjaHwxfHxiZWFjaHxlbnwwfHx8fDE3NTUwMDQ1OTJ8MA&ixlib=rb-4.1.0&q=80&w=1080
Andhra Pradesh,Srisailam,Mallikarjuna Swamy Temple,4.7,All,0.49,https://images.unsplash.com/photo-1580060092298-e6ceef184946?crop=entropy&cs=tinysrgb&fit=max&fm=jpg&ixid=M3w3OTA4MjB8MHwxfHNlYXJjaHwxfHx0ZW1wbGV8ZW58MHx8fHwxNzU1MDA0NTkyfDA&ixlib=rb-4.1.0&q=80&w=1080
Andhra Pradesh,Rajahmundry,Papikondalu,4.3,All,0.032,https://images.unsplash.com/photo-1449824913935-59a10b8d2000?crop=entropy&cs=tinysrgb&fit=max&fm=jpg&ixid=M3w3OTA4MjB8MHwxfHNlYXJjaHwxfGNpdHl8ZW58MHx8fHwxNzU1MDA0NTkyfDA&ixlib=rb-4.1.0&q=80&w=1080
Andhra Pradesh,Anantapur,Lepakshi,4.6,All,0.075,https://images.unsplash.com/photo-1449824913935-59a10b8d2000?crop=entropy&cs=tinysrgb&fit=max&fm=jpg&ixid=M3w3OTA4MjB8MHwxfHNlYXJjaHwxfGNpdHl8ZW58MHx8fHwxNzU1MDA0NTkyfDA&ixlib=rb-4.1.0&q=80&w=1080
Andhra Pradesh,Kurnool,Belum Caves,4.4,Afternoon,0.11,https://images.unsplash.com/photo-1684837681040-bf2a1653de60?crop=entropy&cs=tinysrgb&fit=max&fm=jpg&ixid=M3w3OTA4MjB8MHwxfHNlYXJjaHwxfGNhdmV8ZW58MHx8fHwxNzU1MDA0NTkyfDA&ixlib=rb-4.1.0&q=80&w=1080
Andhra Pradesh,Amravati,Amaravathi Temple,4.7,All,0.041,https://images.unsplash.com/photo-1580060092298-e6ceef184946?crop=entropy&cs=tinysrgb&fit=max&fm=jpg&ixid=M3w3OTA4MjB8MHwxfHNlYXJjaHwxfHx0ZW1wbGV8ZW58MHx8fHwxNzU1MDA0NTkyfDA&ixlib=rb-4.1.0&q=80&w=1080
Andhra Pradesh,Guntur,Uppalapadu Bird Sanctuary,4.4,All,0.7,https://images.unsplash.com/photo-1441974231531-c6227db76b6e?crop=entropy&cs=tinysrgb&fit=max&fm=jpg&ixid=M3w3OTA4MjB8MHwxfHNlYXJjaHwxfHxuYXRpb25hbCUyMHBhcmt8ZW58MHx8fHwxNzU1MDA0NTkyfDA&ixlib=rb-4.1.0&q=80&w=1080
Andhra Pradesh,Kadapa,Gandikota Fort,4.5,Morning,0.015,https://images.unsplash.com/photo-1575994532957-773da2f83eb1?crop=entropy&cs=tinysrgb&fit=max&fm=jpg&ixid=M3w3OTA4MjB8MHwxfHNlYXJjaHwxfHxmb3J0fGVufDB8fHx8MTc1NTAwNDU5Mnww&ixlib=rb-4.1.0&q=80&w=1080
Andhra Pradesh,Puttaparthi,Prasanthi Nilayam,4.7,All,0.12,https://images.unsplash.com/photo-1449824913935-59a10b8d2000?crop=entropy&cs=tinysrgb&fit=max&fm=jpg&ixid=M3w3OTA4MjB8MHwxfHNlYXJjaHwxfGNpdHl8ZW58MHx8fHwxNzU1MDA0NTkyfDA&ixlib=rb-4.1.0&q=80&w=1080
Andhra Pradesh,Vizianagaram,Simhachalam Temple,4.7,All,0.59,https://images.unsplash.com/photo-1580060092298-e6ceef184946?crop=entropy&cs=tinysrgb&fit=max&fm=jpg&ixid=M3w3OTA4MjB8MHwxfHNlYXJjaHwxfHx0ZW1wbGV8ZW58MHx8fHwxNzU1MDA0NTkyfDA&ixlib=rb-4.1.0&q=80&w=1080
Andhra Pradesh,Visakhapatnam,Kailasagiri,4.5,All,0.019,https://images.unsplash.com/photo-1449824913935-59a10b8d2000?crop=entropy&cs=tinysrgb&fit=max&fm=jpg&ixid=M3w3OTA4MjB8MHwxfHNlYXJjaHwxfGNpdHl8ZW58MHx8fHwxNzU1MDA0NTkyfDA&ixlib=rb-4.1.0&q=80&w=1080
Andhra Pradesh,Visakhapatnam,Submarine Museum,4.6,All,0.49,https://images.unsplash.com/photo-1534704031910-abac7ba2103f?crop=entropy&cs=tinysrgb&fit=max&fm=jpg&ixid=M3w3OTA4MjB8MHwxfHNlYXJjaHwxfG11c2V1bXxlbnwwfHx8fDE3NTUwMDQ1OTJ8MA&ixlib=rb-4.1.0&q=80&w=1080
Andhra Pradesh,Visakhapatnam,Borra Caves,4.5,Afternoon,0.31,https://images.unsplash.com/photo-1684837681040-bf2a1653de60?crop=entropy&cs=tinysrgb&fit=max&fm=jpg&ixid=M3w3OTA4MjB8MHwxfHNlYXJjaHwxfGNhdmV8ZW58MHx8fHwxNzU1MDA0NTkyfDA&ixlib=rb-4.1.0&q=80&w=1080
Andhra Pradesh,Visakhapatnam,War Memorial,4.6,All,0.059,https://images.unsplash.com/photo-1449824913935-59a10b8d2000?crop=entropy&cs=tinysrgb&fit=max&fm=jpg&ixid=M3w3OTA4MjB8MHwxfHNlYXJjaHwxfGNpdHl8ZW58MHx8fHwxNzU1MDA0NTkyfDA&ixlib=rb-4.1.0&q=80&w=1080
Andhra Pradesh,Visakhapatnam,Indira Gandhi Zoological Park,4.1,Afternoon,0.25,https://images.unsplash.com/photo-1585320806297-9794b3e4eeae?crop=entropy&cs=tinysrgb&fit=max&fm=jpg&ixid=M3w3OTA4MjB8MHwxfHNlYXJjaHwxfGdhcmRlbnxlbnwwfHx8fHwxNzU1MDA0NTkyfDA&ixlib=rb-4.1.0&q=80&w=1080
Andhra Pradesh,Visakhapatnam,Matsyadarshini Aquarium,3.8,All,0.03,https://images.unsplash.com/photo-1449824913935-59a10b8d2000?crop=entropy&cs=tinysrgb&fit=max&fm=jpg&ixid=M3w3OTA4MjB8MHwxfHNlYXJjaHwxfGNpdHl8ZW58MHx8fHwxNzU1MDA0NTkyfDA&ixlib=rb-4.1.0&q=80&w=1080
Andhra Pradesh,Visakhapatnam,Visakha Museum,4.3,All,0.065,https://images.unsplash.com/photo-1534704031910-abac7ba2103f?crop=entropy&cs=tinysrgb&fit=max&fm=jpg&ixid=M3w3OTA4MjB8MHwxfHNlYXJjaHwxfG11c2V1bXxlbnwwfHx8fDE3NTUwMDQ1OTJ8MA&ixlib=rb-4.1.0&q=80&w=1080
Sikkim,Gangtok,Nathula Pass,4.3,Afternoon,0.15,https://images.unsplash.com/photo-1449824913935-59a10b8d2000?crop=entropy&cs=tinysrgb&fit=max&fm=jpg&ixid=M3w3OTA4MjB8MHwxfHNlYXJjaHwxfGNpdHl8ZW58MHx8fHwxNzU1MDA0NTkyfDA&ixlib=rb-4.1.0&q=80&w=1080
Sikkim,Pelling,Pemayangtse Monastery,4.6,Morning,0.015,https://images.unsplash.com/photo-1449824913935-59a10b8d2000?crop=entropy&cs=tinysrgb&fit=max&fm=jpg&ixid=M3w3OTA4MjB8MHwxfHNlYXJjaHwxfGNpdHl8ZW58MHx8fHwxNzU1MDA0NTkyfDA&ixlib=rb-4.1.0&q=80&w=1080
Sikkim,Namchi,Char Dham,4.7,All,0.12,https://images.unsplash.com/photo-1449824913935-59a10b8d2000?crop=entropy&cs=tinysrgb&fit=max&fm=jpg&ixid=M3w3OTA4MjB8MHwxfHNlYXJjaHwxfGNpdHl8ZW58MHx8fHwxNzU1MDA0NTkyfDA&ixlib=rb-4.1.0&q=80&w=1080
Sikkim,Gangtok,Rumtek Monastery,4.6,Morning,0.035,https://images.unsplash.com/photo-1449824913935-59a10b8d2000?crop=entropy&cs=tinysrgb&fit=max&fm=jpg&ixid=M3w3OTA4MjB8MHwxfHNlYXJjaHwxfGNpdHl8ZW58MHx8fHwxNzU1MDA0NTkyfDA&ixlib=rb-4.1.0&q=80&w=1080
Sikkim,Ravangla,Buddha Park,4.8,All,0.1,https://images.unsplash.com/photo-1585320806297-9794b3e4eeae?crop=entropy&cs=tinysrgb&fit=max&fm=jpg&ixid=M3w3OTA4MjB8MHwxfHNlYXJjaHwxfGdhcmRlbnxlbnwwfHx8fHwxNzU1MDA0NTkyfDA&ixlib=rb-4.1.0&q=80&w=1080
Sikkim,Gangtok,Baba Harbhajan Singh Temple,4.7,All,0.075,https://images.unsplash.com/photo-1580060092298-e6ceef184946?crop=entropy&cs=tinysrgb&fit=max&fm=jpg&ixid=M3w3OTA4MjB8MHwxfHNlYXJjaHwxfHx0ZW1wbGV8ZW58MHx8fHwxNzU1MDA0NTkyfDA&ixlib=rb-4.1.0&q=80&w=1080
Sikkim,Gangtok,Tsomgo Lake,4.5,Morning,0.15,https://images.unsplash.com/photo-1506905925346-21bda4d32df4?crop=entropy&cs=tinysrgb&fit=max&fm=jpg&ixid=M3w3OTA4MjB8MHwxfHNlYXJjaHwxfHxsYWtlfGVufDB8fHx8MTc1NTAwNDU5Mnww&ixlib=rb-4.1.0&q=80&w=1080
Assam,Guwahati,Kamakhya Temple,4.6,All,0.21,https://images.unsplash.com/photo-1580060092298-e6ceef184946?crop=entropy&cs=tinysrgb&fit=max&fm=jpg&ixid=M3w3OTA4MjB8MHwxfHNlYXJjaHwxfHx0ZW1wbGV8ZW58MHx8fHwxNzU1MDA0NTkyfDA&ixlib=rb-4.1.0&q=80&w=1080
Assam,Kaziranga,Kaziranga National Park,4.5,Morning,0.068,https://images.unsplash.com/photo-1441974231531-c6227db76b6e?crop=entropy&cs=tinysrgb&fit=max&fm=jpg&ixid=M3w3OTA4MjB8MHwxfHNlYXJjaHwxfHxuYXRpb25hbCUyMHBhcmt8ZW58MHx8fHwxNzU1MDA0NTkyfDA&ixlib=rb-4.1.0&q=80&w=1080
Assam,Guwahati,Umananda Island,4.1,Morning,0.01,https://images.unsplash.com/photo-1449824913935-59a10b8d2000?crop=entropy&cs=tinysrgb&fit=max&fm=jpg&ixid=M3w3OTA4MjB8MHwxfHNlYXJjaHwxfGNpdHl8ZW58MHx8fHwxNzU1MDA0NTkyfDA&ixlib=rb-4.1.0&q=80&w=1080
Assam,Sivasagar,Sivasagar Sivadol,4.7,All,0.065,https://images.unsplash.com/photo-1506905925346-21bda4d32df4?crop=entropy&cs=tinysrgb&fit=max&fm=jpg&ixid=M3w3OTA4MjB8MHwxfHNlYXJjaHwxfHxsYWtlfGVufDB8fHx8MTc1NTAwNDU5Mnww&ixlib=rb-4.1.0&q=80&w=1080
Assam,Majuli,Majuli Island,4.7,Morning,0.01,https://images.unsplash.com/photo-1449824913935-59a10b8d2000?crop=entropy&cs=tinysrgb&fit=max&fm=jpg&ixid=M3w3OTA4MjB8MHwxfHNlYXJjaHwxfGNpdHl8ZW58MHx8fHwxNzU1MDA0NTkyfDA&ixlib=rb-4.1.0&q=80&w=1080
Assam,Manas,Manas National Park,4.6,Morning,0.19,https://images.unsplash.com/photo-1441974231531-c6227db76b6e?crop=entropy&cs=tinysrgb&fit=max&fm=jpg&ixid=M3w3OTA4MjB8MHwxfHNlYXJjaHwxfHxuYXRpb25hbCUyMHBhcmt8ZW58MHx8fHwxNzU1MDA0NTkyfDA&ixlib=rb-4.1.0&q=80&w=1080
Assam,Hajo,Hayagriva Madhava Temple,4.5,All,0.9,https://images.unsplash.com/photo-1580060092298-e6ceef184946?crop=entropy&cs=tinysrgb&fit=max&fm=jpg&ixid=M3w3OTA4MjB8MHwxfHNlYXJjaHwxfHx0ZW1wbGV8ZW58MHx8fHwxNzU1MDA0NTkyfDA&ixlib=rb-4.1.0&q=80&w=1080
Assam,Guwahati,Pobitora Wildlife Sanctuary,4.4,All,0.037,https://images.unsplash.com/photo-1441974231531-c6227db76b6e?crop=entropy&cs=tinysrgb&fit=max&fm=jpg&ixid=M3w3OTA4MjB8MHwxfHNlYXJjaHwxfHxuYXRpb25hbCUyMHBhcmt8ZW58MHx8fHwxNzU1MDA0NTkyfDA&ixlib=rb-4.1.0&q=80&w=1080
Arunachal Pradesh,Tawang,Tawang Monastery,4.7,Morning,0.032,https://images.unsplash.com/photo-1449824913935-59a10b8d2000?crop=entropy&cs=tinysrgb&fit=max&fm=jpg&ixid=M3w3OTA4MjB8MHwxfHNlYXJjaHwxfGNpdHl8ZW58MHx8fHwxNzU1MDA0NTkyfDA&ixlib=rb-4.1.0&q=80&w=1080
Tripura,Agartala,Ujjayanta Palace,4.5,All,0.035,https://images.unsplash.com/photo-1575994532957-773da2f83eb1?crop=entropy&cs=tinysrgb&fit=max&fm=jpg&ixid=M3w3OTA4MjB8MHwxfHNlYXJjaHwxfHxmb3J0fGVufDB8fHx8MTc1NTAwNDU5Mnww&ixlib=rb-4.1.0&q=80&w=1080
Tripura,Dumboor,Dumboor Lake,4.5,Morning,0.01,https://images.unsplash.com/photo-1506905925346-21bda4d32df4?crop=entropy&cs=tinysrgb&fit=max&fm=jpg&ixid=M3w3OTA4MjB8MHwxfHNlYXJjaHwxfHxsYWtlfGVufDB8fHx8MTc1NTAwNDU5Mnww&ixlib=rb-4.1.0&q=80&w=1080
Tripura,Unakoti,Unakoti Rock Carvings,4.5,Morning,0.025,https://images.unsplash.com/photo-1449824913935-59a10b8d2000?crop=entropy&cs=tinysrgb&fit=max&fm=jpg&ixid=M3w3OTA4MjB8MHwxfHNlYXJjaHwxfGNpdHl8ZW58MHx8fHwxNzU1MDA0NTkyfDA&ixlib=rb-4.1.0&q=80&w=1080
Chhattisgarh,Bastar,Chitrakote Falls,4.6,Morning,0.19,https://images.unsplash.com/photo-1439066615861-d1af74d74000?crop=entropy&cs=tinysrgb&fit=max&fm=jpg&ixid=M3w3OTA4MjB8MHwxfHNlYXJjaHwxfHx3YXRlcmZhbGx8ZW58MHx8fHwxNzU1MDA0NTkyfDA&ixlib=rb-4.1.0&q=80&w=1080
Nagaland,Dzkou Valley,Dzkou Valley,4.7,Afternoon,0.01,https://images.unsplash.com/photo-1506905925346-21bda4d32df4?crop=entropy&cs=tinysrgb&fit=max&fm=jpg&ixid=M3w3OTA4MjB8MHwxfHNlYXJjaHwxfG1vdW50YWlufGVufDB8fHx8MTc1NTAwNDU5Mnww&ixlib=rb-4.1.0&q=80&w=1080
Puducherry,Puducherry,Promenade Beach,4.5,Morning,0.09,https://images.unsplash.com/photo-1507525428034-b723cf961d3e?crop=entropy&cs=tinysrgb&fit=max&fm=jpg&ixid=M3w3OTA4MjB8MHwxfHNlYXJjaHwxfHxiZWFjaHxlbnwwfHx8fDE3NTUwMDQ1OTJ8MA&ixlib=rb-4.1.0&q=80&w=1080
Puducherry,Auroville,Auroville,4.1,All,0.035,https://images.unsplash.com/photo-1449824913935-59a10b8d2000?crop=entropy&cs=tinysrgb&fit=max&fm=jpg&ixid=M3w3OTA4MjB8MHwxfHNlYXJjaHwxfGNpdHl8ZW58MHx8fHwxNzU1MDA0NTkyfDA&ixlib=rb-4.1.0&q=80&w=1080
Puducherry,Puducherry,Paradise Beach,4.5,Morning,0.015,https://images.unsplash.com/photo-1507525428034-b723cf961d3e?crop=entropy&cs=tinysrgb&fit=max&fm=jpg&ixid=M3w3OTA4MjB8MHwxfHNlYXJjaHwxfHxiZWFjaHxlbnwwfHx8fDE3NTUwMDQ1OTJ8MA&ixlib=rb-4.1.0&q=80&w=1080
Andaman and Nicobar Islands,Port Blair,Cellular Jail,4.7,Afternoon,0.12,https://images.unsplash.com/photo-1449824913935-59a10b8d2000?crop=entropy&cs=tinysrgb&fit=max&fm=jpg&ixid=M3w3OTA4MjB8MHwxfHNlYXJjaHwxfGNpdHl8ZW58MHx8fHwxNzU1MDA0NTkyfDA&ixlib=rb-4.1.0&q=80&w=1080
Andaman and Nicobar Islands,Havelock Island,Radhanagar Beach,4.8,Morning,0.09,https://images.unsplash.com/photo-1507525428034-b723cf961d3e?crop=entropy&cs=tinysrgb&fit=max&fm=jpg&ixid=M3w3OTA4MjB8MHwxfHNlYXJjaHwxfHxiZWFjaHxlbnwwfHx8fDE3NTUwMDQ1OTJ8MA&ixlib=rb-4.1.0&q=80&w=1080
Andaman and Nicobar Islands,Neil Island,Bharatpur Beach,4.5,Morning,0.04,https://images.unsplash.com/photo-1507525428034-b723cf961d3e?crop=entropy&cs=tinysrgb&fit=max&fm=jpg&ixid=M3w3OTA4MjB8MHwxfHNlYXJjaHwxfHxiZWFjaHxlbnwwfHx8fDE3NTUwMDQ1OTJ8MA&ixlib=rb-4.1.0&q=80&w=1080
Andaman and Nicobar Islands,Baratang Island,Limestone Caves,4.4,Morning,0.015,https://images.unsplash.com/photo-1684837681040-bf2a1653de60?crop=entropy&cs=tinysrgb&fit=max&fm=jpg&ixid=M3w3OTA4MjB8MHwxfHNlYXJjaHwxfGNhdmV8ZW58MHx8fHwxNzU1MDA0NTkyfDA&ixlib=rb-4.1.0&q=80&w=1080
Daman and Diu,Diu,Naida Caves,4.5,Afternoon,0.6,https://images.unsplash.com/photo-1684837681040-bf2a1653de60?crop=entropy&cs=tinysrgb&fit=max&fm=jpg&ixid=M3w3OTA4MjB8MHwxfHNlYXJjaHwxfGNhdmV8ZW58MHx8fHwxNzU1MDA0NTkyfDA&ixlib=rb-4.1.0&q=80&w=1080
Daman and Diu,Diu,Diu Fort,4.6,Afternoon,1.2,https://images.unsplash.com/photo-1575994532957-773da2f83eb1?crop=entropy&cs=tinysrgb&fit=max&fm=jpg&ixid=M3w3OTA4MjB8MHwxfHNlYXJjaHwxfHxmb3J0fGVufDB8fHx8MTc1NTAwNDU5Mnww&ixlib=rb-4.1.0&q=80&w=1080
Jharkhand,Deoghar,Baba Baidyanath Temple,4.7,All,1.8,https://images.unsplash.com/photo-1580060092298-e6ceef184946?crop=entropy&cs=tinysrgb&fit=max&fm=jpg&ixid=M3w3OTA4MjB8MHwxfHNlYXJjaHwxfHx0ZW1wbGV8ZW58MHx8fHwxNzU1MDA0NTkyfDA&ixlib=rb-4.1.0&q=80&w=1080
Jharkhand,Ranchi,Pahari Mandir,4.6,All,0.13,https://images.unsplash.com/photo-1580060092298-e6ceef184946?crop=entropy&cs=tinysrgb&fit=max&fm=jpg&ixid=M3w3OTA4MjB8MHwxfHNlYXJjaHwxfHx0ZW1wbGV8ZW58MHx8fHwxNzU1MDA0NTkyfDA&ixlib=rb-4.1.0&q=80&w=1080
Bihar,Bodh Gaya,Mahabodhi Temple,4.7,All,0.2,https://images.unsplash.com/photo-1580060092298-e6ceef184946?crop=entropy&cs=tinysrgb&fit=max&fm=jpg&ixid=M3w3OTA4MjB8MHwxfHNlYXJjaHwxfHx0ZW1wbGV8ZW58MHx8fHwxNzU1MDA0NTkyfDA&ixlib=rb-4.1.0&q=80&w=1080
Bihar,Patna,Sanjay Gandhi Biological Park,4.3,All,0.5,https://images.unsplash.com/photo-1585320806297-9794b3e4eeae?crop=entropy&cs=tinysrgb&fit=max&fm=jpg&ixid=M3w3OTA4MjB8MHwxfHNlYXJjaHwxfGdhcmRlbnxlbnwwfHx8fHwxNzU1MDA0NTkyfDA&ixlib=rb-4.1.0&q=80&w=1080
Bihar,Patna,Takhat Shri Harimandir Ji Patna Sahib,4.7,All,0.25,https://images.unsplash.com/photo-1580060092298-e6ceef184946?crop=entropy&cs=tinysrgb&fit=max&fm=jpg&ixid=M3w3OTA4MjB8MHwxfHNlYXJjaHwxfHx0ZW1wbGV8ZW58MHx8fHwxNzU1MDA0NTkyfDA&ixlib=rb-4.1.0&q=80&w=1080
Bihar,Patna,Budhha Smriti Park,4.4,All,0.31,https://images.unsplash.com/photo-1585320806297-9794b3e4eeae?crop=entropy&cs=tinysrgb&fit=max&fm=jpg&ixid=M3w3OTA4MjB8MHwxfHNlYXJjaHwxfGdhcmRlbnxlbnwwfHx8fHwxNzU1MDA0NTkyfDA&ixlib=rb-4.1.0&q=80&w=1080
Haryana,Gurugram,Kingdom of Dreams,4.4,Afternoon,0.3,https://images.unsplash.com/photo-1449824913935-59a10b8d2000?crop=entropy&cs=tinysrgb&fit=max&fm=jpg&ixid=M3w3OTA4MjB8MHwxfHNlYXJjaHwxfGNpdHl8ZW58MHx8fHwxNzU1MDA0NTkyfDA&ixlib=rb-4.1.0&q=80&w=1080
Haryana,Gurugram,Ambience Mall,4.6,Afternoon,1.2,https://images.unsplash.com/photo-1441986300917-64674bd600d8?crop=entropy&cs=tinysrgb&fit=max&fm=jpg&ixid=M3w3OTA4MjB8MHwxfHNlYXJjaHwxfG1hbGx8ZW58MHx8fHwxNzU1MDA0NTkyfDA&ixlib=rb-4.1.0&q=80&w=1080
Haryana,Gurugram,DLF CyberHub,4.7,Afternoon,0.71,https://images.unsplash.com/photo-1441986300917-64674bd600d8?crop=entropy&cs=tinysrgb&fit=max&fm=jpg&ixid=M3w3OTA4MjB8MHwxfHNlYXJjaHwxfG1hbGx8ZW58MHx8fHwxNzU1MDA0NTkyfDA&ixlib=rb-4.1.0&q=80&w=1080
Delhi,New Delhi,Gurudwara Bangla Sahib,4.8,All,1.05,https://images.unsplash.com/photo-1580060092298-e6ceef184946?crop=entropy&cs=tinysrgb&fit=max&fm=jpg&ixid=M3w3OTA4MjB8MHwxfHNlYXJjaHwxfHx0ZW1wbGV8ZW58MHx8fHwxNzU1MDA0NTkyfDA&ixlib=rb-4.1.0&q=80&w=1080
Uttarakhand,Kedarnath,Kedarnath,4.8,All,2.0,https://images.unsplash.com/photo-1449824913935-59a10b8d2000?crop=entropy&cs=tinysrgb&fit=max&fm=jpg&ixid=M3w3OTA4MjB8MHwxfHNlYXJjaHwxfGNpdHl8ZW58MHx8fHwxNzU1MDA0NTkyfDA&ixlib=rb-4.1.0&q=80&w=1080
Uttar Pradesh,Noida,DLF Mall of India,4.6,All,1.5,https://images.unsplash.com/photo-1441986300917-64674bd600d8?crop=entropy&cs=tinysrgb&fit=max&fm=jpg&ixid=M3w3OTA4MjB8MHwxfHNlYXJjaHwxfG1hbGx8ZW58MHx8fHwxNzU1MDA0NTkyfDA&ixlib=rb-4.1.0&q=80&w=1080
Uttar Pradesh,Greater Noida,The Grand Venice Mall,4.2,All,0.45,https://images.unsplash.com/photo-1441986300917-64674bd600d8?crop=entropy&cs=tinysrgb&fit=max&fm=jpg&ixid=M3w3OTA4MjB8MHwxfHNlYXJjaHwxfG1hbGx8ZW58MHx8fHwxNzU1MDA0NTkyfDA&ixlib=rb-4.1.0&q=80&w=1080
Karnataka,Bengaluru,Wonderla Amusement Park,4.5,All,0.95,https://images.unsplash.com/photo-1585320806297-9794b3e4eeae?crop=entropy&cs=tinysrgb&fit=max&fm=jpg&ixid=M3w3OTA4MjB8MHwxfHNlYXJjaHwxfGdhcmRlbnxlbnwwfHx8fHwxNzU1MDA0NTkyfDA&ixlib=rb-4.1.0&q=80&w=1080
Odisha,Bhubaneswar,Nandankanan Zoological Park,4.4,Afternoon,0.81,https://images.unsplash.com/photo-1585320806297-9794b3e4eeae?crop=entropy&cs=tinysrgb&fit=max&fm=jpg&ixid=M3w3OTA4MjB8MHwxfHNlYXJjaHwxfGdhcmRlbnxlbnwwfHx8fHwxNzU1MDA0NTkyfDA&ixlib=rb-4.1.0&q=80&w=1080
Karnataka,Bengaluru,Orion Mall,4.5,All,1.8,https://images.unsplash.com/photo-1441986300917-64674bd600d8?crop=entropy&cs=tinysrgb&fit=max&fm=jpg&ixid=M3w3OTA4MjB8MHwxfHNlYXJjaHwxfG1hbGx8ZW58MHx8fHwxNzU1MDA0NTkyfDA&ixlib=rb-4.1.0&q=80&w=1080
Telangana,Hyderabad,Inorbit Mall Cyberabad,4.5,All,1.2,https://images.unsplash.com/photo-1441986300917-64674bd600d8?crop=entropy&cs=tinysrgb&fit=max&fm=jpg&ixid=M3w3OTA4MjB8MHwxfHNlYXJjaHwxfG1hbGx8ZW58MHx8fHwxNzU1MDA0NTkyfDA&ixlib=rb-4.1.0&q=80&w=1080
Delhi,New Delhi,Jama Masjid,4.5,All,0.49,https://images.unsplash.com/photo-1449824913935-59a10b8d2000?crop=entropy&cs=tinysrgb&fit=max&fm=jpg&ixid=M3w3OTA4MjB8MHwxfHNlYXJjaHwxfGNpdHl8ZW58MHx8fHwxNzU1MDA0NTkyfDA&ixlib=rb-4.1.0&q=80&w=1080
Tamil Nadu,Rameswaram,Ramanathaswamy Temple,4.7,All,0.1,https://images.unsplash.com/photo-1580060092298-e6ceef184946?crop=entropy&cs=tinysrgb&fit=max&fm=jpg&ixid=M3w3OTA4MjB8MHwxfHNlYXJjaHwxfHx0ZW1wbGV8ZW58MHx8fHwxNzU1MDA0NTkyfDA&ixlib=rb-4.1.0&q=80&w=1080
Uttar Pradesh,Greater Noida,Buddh International Circuit,4.6,All,7.4,https://images.unsplash.com/photo-1449824913935-59a10b8d2000?crop=entropy&cs=tinysrgb&fit=max&fm=jpg&ixid=M3w3OTA4MjB8MHwxfHNlYXJjaHwxfGNpdHl8ZW58MHx8fHwxNzU1MDA0NTkyfDA&ixlib=rb-4.1.0&q=80&w=1080
Uttar Pradesh,Lucknow,Phoenix Palassio,4.6,All,0.35,https://images.unsplash.com/photo-1449824913935-59a10b8d2000?crop=entropy&cs=tinysrgb&fit=max&fm=jpg&ixid=M3w3OTA4MjB8MHwxfHNlYXJjaHwxfGNpdHl8ZW58MHx8fHwxNzU1MDA0NTkyfDA&ixlib=rb-4.1.0&q=80&w=1080
Kerala,Kochi,LuLu International Shopping Mall,4.6,All,1.9,https://images.unsplash.com/photo-1441986300917-64674bd600d8?crop=entropy&cs=tinysrgb&fit=max&fm=jpg&ixid=M3w3OTA4MjB8MHwxfHNlYXJjaHwxfG1hbGx8ZW58MHx8fHwxNzU1MDA0NTkyfDA&ixlib=rb-4.1.0&q=80&w=1080
Delhi,New Delhi,Rail Museum,4.4,Morning,0.24,https://images.unsplash.com/photo-1534704031910-abac7ba2103f?crop=entropy&cs=tinysrgb&fit=max&fm=jpg&ixid=M3w3OTA4MjB8MHwxfHNlYXJjaHwxfG11c2V1bXxlbnwwfHx8fDE3NTUwMDQ1OTJ8MA&ixlib=rb-4.1.0&q=80&w=1080
Meghalaya,Cherrapunji,Living Root Bridge,4.6,Morning,0.06,https://images.unsplash.com/photo-1449824913935-59a10b8d2000?crop=entropy&cs=tinysrgb&fit=max&fm=jpg&ixid=M3w3OTA4MjB8MHwxfHNlYXJjaHwxfGNpdHl8ZW58MHx8fHwxNzU1MDA0NTkyfDA&ixlib=rb-4.1.0&q=80&w=1080
Gujarat,Gandhinagar,Akshardham,4.6,All,0.18,https://images.unsplash.com/photo-1449824913935-59a10b8d2000?crop=entropy&cs=tinysrgb&fit=max&fm=jpg&ixid=M3w3OTA4MjB8MHwxfHNlYXJjaHwxfGNpdHl8ZW58MHx8fHwxNzU1MDA0NTkyfDA&ixlib=rb-4.1.0&q=80&w=1080
Uttar Pradesh,Agra,Agra Fort,4.5,Afternoon,1.3,https://images.unsplash.com/photo-1575994532957-773da2f83eb1?crop=entropy&cs=tinysrgb&fit=max&fm=jpg&ixid=M3w3OTA4MjB8MHwxfHNlYXJjaHwxfHxmb3J0fGVufDB8fHx8MTc1NTAwNDU5Mnww&ixlib=rb-4.1.0&q=80&w=1080
Madhya Pradesh,Bhopal,Madhya Pradesh Tribal Museum,4.7,All,0.15,https://images.unsplash.com/photo-1534704031910-abac7ba2103f?crop=entropy&cs=tinysrgb&fit=max&fm=jpg&ixid=M3w3OTA4MjB8MHwxfHNlYXJjaHwxfG11c2V1bXxlbnwwfHx8fDE3NTUwMDQ1OTJ8MA&ixlib=rb-4.1.0&q=80&w=1080
Rajasthan,Jaipur,City Palace,4.4,Morning,0.51,https://images.unsplash.com/photo-1575994532957-773da2f83eb1?crop=entropy&cs=tinysrgb&fit=max&fm=jpg&ixid=M3w3OTA4MjB8MHwxfHNlYXJjaHwxfHxDaXR5JTIwUGFsYWNlfGVufDB8fHx8MTc1NTAwNzgzOHww&ixlib=rb-4.1.0&q=80&w=1080
Rajasthan,Jaipur,Albert Hall Museum,4.5,All,0.63,https://images.unsplash.com/photo-1534704031910-abac7ba2103f?crop=entropy&cs=tinysrgb&fit=max&fm=jpg&ixid=M3w3OTA4MjB8MHwxfHNlYXJjaHwxfG11c2V1bXxlbnwwfHx8fDE3NTUwMDQ1OTJ8MA&ixlib=rb-4.1.0&q=80&w=1080
